offer_id,invoice_id,buyer_id,supplier_id,offer_date,deadline_date,due_date,invoice_amount,offered_rate_pct,discount_amount,net_payable_if_accepted,days_accelerated,status,decision_date,recommended_by,approved_by,approver_role,record_source,timeline_valid,policy_compliant,policy_violations,data_origin,ml_use_allowed,recommendation_payload
OFF-0001,611365,0379-NEVHP,SUP-01,2013-01-07,2013-01-15,2013-02-01,55.94,1.48,0.83,55.11,17,accepted,2013-01-15,optimizer_v0_demo_log,,finance_manager,synthetic,1,0,rate_not_on_0.5_percent_grid,SIMULATED_DEMONSTRATION_OFFER_HISTORY,0,"{""data_origin"":""SIMULATED_DEMONSTRATION_OFFER_HISTORY"",""ml_use_allowed"":0,""original_approver"":""analyst.unnati"",""original_approver_role"":""finance_manager"",""original_recommended_by"":""optimizer_v0_demo_log"",""policy_note"":""Historical/simulated demonstration offer. Not generated by the final production policy and must not be used for ML training or tuning.""}"
OFF-0002,1369975903,0379-NEVHP,SUP-04,2013-01-11,2013-01-21,2013-02-04,61.11,1.27,0.77,60.34,0,declined,2013-01-21,optimizer_v0_demo_log,,finance_manager,synthetic,1,0,rate_not_on_0.5_percent_grid,SIMULATED_DEMONSTRATION_OFFER_HISTORY,0,"{""data_origin"":""SIMULATED_DEMONSTRATION_OFFER_HISTORY"",""ml_use_allowed"":0,""original_approver"":""fm.rahul"",""original_approver_role"":""finance_manager"",""original_recommended_by"":""optimizer_v0_demo_log"",""policy_note"":""Historical/simulated demonstration offer. Not generated by the final production policy and must not be used for ML training or tuning.""}"
OFF-0003,5600044644,6833-ETVHD,SUP-01,2013-01-12,2013-01-18,2013-02-06,67.51,1.55,1.05,66.46,0,declined,2013-01-18,optimizer_v0_demo_log,,finance_manager,synthetic,1,0,rate_not_on_0.5_percent_grid;rate_above_global_max_1.5_percent,SIMULATED_DEMONSTRATION_OFFER_HISTORY,0,"{""data_origin"":""SIMULATED_DEMONSTRATION_OFFER_HISTORY"",""ml_use_allowed"":0,""original_approver"":""analyst.unnati"",""original_approver_role"":""finance_manager"",""original_recommended_by"":""optimizer_v0_demo_log"",""policy_note"":""Historical/simulated demonstration offer. Not generated by the final production policy and must not be used for ML training or tuning.""}"
OFF-0004,9086013190,9117-LYRCE,SUP-02,2013-01-24,2013-02-05,2013-02-14,60.11,1.79,1.08,59.03,0,expired,2013-02-05,optimizer_v0_demo_log,,finance_manager,synthetic,1,0,rate_not_on_0.5_percent_grid;rate_above_global_max_1.5_percent,SIMULATED_DEMONSTRATION_OFFER_HISTORY,0,"{""data_origin"":""SIMULATED_DEMONSTRATION_OFFER_HISTORY"",""ml_use_allowed"":0,""original_approver"":""fm.priya"",""original_approver_role"":""finance_manager"",""original_recommended_by"":""optimizer_v0_demo_log"",""policy_note"":""Historical/simulated demonstration offer. Not generated by the final production policy and must not be used for ML training or tuning.""}"
OFF-0005,6753688990,1408-OQZUE,SUP-04,2013-01-20,2013-01-28,2013-02-15,61.39,1.95,1.2,60.19,0,declined,2013-01-28,optimizer_v0_demo_log,,finance_manager,synthetic,1,0,rate_not_on_0.5_percent_grid;rate_above_global_max_1.5_percent,SIMULATED_DEMONSTRATION_OFFER_HISTORY,0,"{""data_origin"":""SIMULATED_DEMONSTRATION_OFFER_HISTORY"",""ml_use_allowed"":0,""original_approver"":""fm.priya"",""original_approver_role"":""finance_manager"",""original_recommended_by"":""optimizer_v0_demo_log"",""policy_note"":""Historical/simulated demonstration offer. Not generated by the final production policy and must not be used for ML training or tuning.""}"
OFF-0006,2079450535,8156-PCYBM,SUP-02,2013-01-21,2013-01-28,2013-02-16,62.12,2.03,1.26,60.86,0,expired,2013-01-28,optimizer_v0_demo_log,,finance_manager,synthetic,1,0,rate_not_on_0.5_percent_grid;rate_above_global_max_1.5_percent,SIMULATED_DEMONSTRATION_OFFER_HISTORY,0,"{""data_origin"":""SIMULATED_DEMONSTRATION_OFFER_HISTORY"",""ml_use_allowed"":0,""original_approver"":""analyst.unnati"",""original_approver_role"":""finance_manager"",""original_recommended_by"":""optimizer_v0_demo_log"",""policy_note"":""Historical/simulated demonstration offer. Not generated by the final production policy and must not be used for ML training or tuning.""}"
OFF-0007,6879549553,5920-DPXLN,SUP-03,2013-01-19,2013-01-29,2013-02-16,47.55,1.54,0.73,46.82,0,declined,2013-01-29,optimizer_v0_demo_log,,finance_manager,synthetic,1,0,rate_not_on_0.5_percent_grid;rate_above_global_max_1.5_percent,SIMULATED_DEMONSTRATION_OFFER_HISTORY,0,"{""data_origin"":""SIMULATED_DEMONSTRATION_OFFER_HISTORY"",""ml_use_allowed"":0,""original_approver"":""analyst.unnati"",""original_approver_role"":""finance_manager"",""original_recommended_by"":""optimizer_v0_demo_log"",""policy_note"":""Historical/simulated demonstration offer. Not generated by the final production policy and must not be used for ML training or tuning.""}"
OFF-0008,7991968212,9149-MATVB,SUP-01,2013-01-24,2013-02-03,2013-02-17,72.95,1.34,0.98,71.97,0,declined,2013-02-03,optimizer_v0_demo_log,,finance_manager,synthetic,1,0,rate_not_on_0.5_percent_grid,SIMULATED_DEMONSTRATION_OFFER_HISTORY,0,"{""data_origin"":""SIMULATED_DEMONSTRATION_OFFER_HISTORY"",""ml_use_allowed"":0,""original_approver"":""fm.rahul"",""original_approver_role"":""finance_manager"",""original_recommended_by"":""optimizer_v0_demo_log"",""policy_note"":""Historical/simulated demonstration offer. Not generated by the final production policy and must not be used for ML training or tuning.""}"
OFF-0009,8921244707,3569-VJWXS,SUP-03,2013-02-01,2013-02-07,2013-02-25,58.42,1.89,1.1,57.32,0,declined,2013-02-07,optimizer_v0_demo_log,,finance_manager,synthetic,1,0,rate_not_on_0.5_percent_grid;rate_above_global_max_1.5_percent,SIMULATED_DEMONSTRATION_OFFER_HISTORY,0,"{""data_origin"":""SIMULATED_DEMONSTRATION_OFFER_HISTORY"",""ml_use_allowed"":0,""original_approver"":""analyst.unnati"",""original_approver_role"":""finance_manager"",""original_recommended_by"":""optimizer_v0_demo_log"",""policy_note"":""Historical/simulated demonstration offer. Not generated by the final production policy and must not be used for ML training or tuning.""}"
OFF-0010,3037486776,1604-LIFKX,SUP-04,2013-02-05,2013-02-10,2013-02-28,79.37,2.37,1.88,77.49,0,expired,2013-02-10,optimizer_v0_demo_log,,finance_manager,synthetic,1,0,rate_not_on_0.5_percent_grid;rate_above_global_max_1.5_percent,SIMULATED_DEMONSTRATION_OFFER_HISTORY,0,"{""data_origin"":""SIMULATED_DEMONSTRATION_OFFER_HISTORY"",""ml_use_allowed"":0,""original_approver"":""fm.priya"",""original_approver_role"":""finance_manager"",""original_recommended_by"":""optimizer_v0_demo_log"",""policy_note"":""Historical/simulated demonstration offer. Not generated by the final production policy and must not be used for ML training or tuning.""}"
OFF-0012,7675257333,8820-BLYDZ,SUP-02,2013-02-10,2013-02-15,2013-03-04,77.35,1.05,0.81,76.54,21,accepted,2013-02-11,optimizer_v0_demo_log,,finance_manager,synthetic,1,0,rate_not_on_0.5_percent_grid,SIMULATED_DEMONSTRATION_OFFER_HISTORY,0,"{""data_origin"":""SIMULATED_DEMONSTRATION_OFFER_HISTORY"",""ml_use_allowed"":0,""original_approver"":""fm.priya"",""original_approver_role"":""finance_manager"",""original_recommended_by"":""optimizer_v0_demo_log"",""policy_note"":""Historical/simulated demonstration offer. Not generated by the final production policy and must not be used for ML training or tuning.""}"
OFF-0013,1327547312,4651-PMEXQ,SUP-01,2013-02-12,2013-02-23,2013-03-04,80.5,1.35,1.08,79.42,15,accepted,2013-02-17,optimizer_v0_demo_log,,finance_manager,synthetic,1,0,rate_not_on_0.5_percent_grid,SIMULATED_DEMONSTRATION_OFFER_HISTORY,0,"{""data_origin"":""SIMULATED_DEMONSTRATION_OFFER_HISTORY"",""ml_use_allowed"":0,""original_approver"":""fm.priya"",""original_approver_role"":""finance_manager"",""original_recommended_by"":""optimizer_v0_demo_log"",""policy_note"":""Historical/simulated demonstration offer. Not generated by the final production policy and must not be used for ML training or tuning.""}"
OFF-0014,9847742890,2824-HJQPP,SUP-04,2013-02-15,2013-02-22,2013-03-07,90.41,1.24,1.12,89.29,0,declined,2013-02-22,optimizer_v0_demo_log,,finance_manager,synthetic,1,0,rate_not_on_0.5_percent_grid,SIMULATED_DEMONSTRATION_OFFER_HISTORY,0,"{""data_origin"":""SIMULATED_DEMONSTRATION_OFFER_HISTORY"",""ml_use_allowed"":0,""original_approver"":""analyst.unnati"",""original_approver_role"":""finance_manager"",""original_recommended_by"":""optimizer_v0_demo_log"",""policy_note"":""Historical/simulated demonstration offer. Not generated by the final production policy and must not be used for ML training or tuning.""}"
OFF-0015,8082796197,4092-ZAVRG,SUP-04,2013-02-10,2013-02-22,2013-03-08,82.93,0.95,0.78,82.15,26,accepted,2013-02-10,optimizer_v0_demo_log,,finance_manager,synthetic,1,0,rate_not_on_0.5_percent_grid,SIMULATED_DEMONSTRATION_OFFER_HISTORY,0,"{""data_origin"":""SIMULATED_DEMONSTRATION_OFFER_HISTORY"",""ml_use_allowed"":0,""original_approver"":""analyst.unnati"",""original_approver_role"":""finance_manager"",""original_recommended_by"":""optimizer_v0_demo_log"",""policy_note"":""Historical/simulated demonstration offer. Not generated by the final production policy and must not be used for ML training or tuning.""}"
OFF-0016,9073174131,6632-CGYHU,SUP-02,2013-02-17,2013-03-01,2013-03-11,92.97,1.04,0.96,92.01,20,accepted,2013-02-19,optimizer_v0_demo_log,,finance_manager,synthetic,1,0,rate_not_on_0.5_percent_grid,SIMULATED_DEMONSTRATION_OFFER_HISTORY,0,"{""data_origin"":""SIMULATED_DEMONSTRATION_OFFER_HISTORY"",""ml_use_allowed"":0,""original_approver"":""analyst.unnati"",""original_approver_role"":""finance_manager"",""original_recommended_by"":""optimizer_v0_demo_log"",""policy_note"":""Historical/simulated demonstration offer. Not generated by the final production policy and must not be used for ML training or tuning.""}"
OFF-0018,1064822506,7841-HROAQ,SUP-02,2013-02-19,2013-03-02,2013-03-12,91.89,1.19,1.1,90.79,0,declined,2013-03-02,optimizer_v0_demo_log,,finance_manager,synthetic,1,0,rate_not_on_0.5_percent_grid,SIMULATED_DEMONSTRATION_OFFER_HISTORY,0,"{""data_origin"":""SIMULATED_DEMONSTRATION_OFFER_HISTORY"",""ml_use_allowed"":0,""original_approver"":""fm.rahul"",""original_approver_role"":""finance_manager"",""original_recommended_by"":""optimizer_v0_demo_log"",""policy_note"":""Historical/simulated demonstration offer. Not generated by the final production policy and must not be used for ML training or tuning.""}"
OFF-0019,152050637,9014-WENVB,SUP-04,2013-02-16,2013-02-26,2013-03-15,60.03,1.91,1.15,58.88,0,declined,2013-02-26,optimizer_v0_demo_log,,finance_manager,synthetic,1,0,rate_not_on_0.5_percent_grid;rate_above_global_max_1.5_percent,SIMULATED_DEMONSTRATION_OFFER_HISTORY,0,"{""data_origin"":""SIMULATED_DEMONSTRATION_OFFER_HISTORY"",""ml_use_allowed"":0,""original_approver"":""fm.priya"",""original_approver_role"":""finance_manager"",""original_recommended_by"":""optimizer_v0_demo_log"",""policy_note"":""Historical/simulated demonstration offer. Not generated by the final production policy and must not be used for ML training or tuning.""}"
OFF-0020,1699566488,8364-UWVLM,SUP-01,2013-02-15,2013-02-25,2013-03-15,92.1,2.11,1.94,90.16,0,declined,2013-02-25,optimizer_v0_demo_log,,finance_manager,synthetic,1,0,rate_not_on_0.5_percent_grid;rate_above_global_max_1.5_percent,SIMULATED_DEMONSTRATION_OFFER_HISTORY,0,"{""data_origin"":""SIMULATED_DEMONSTRATION_OFFER_HISTORY"",""ml_use_allowed"":0,""original_approver"":""fm.rahul"",""original_approver_role"":""finance_manager"",""original_recommended_by"":""optimizer_v0_demo_log"",""policy_note"":""Historical/simulated demonstration offer. Not generated by the final production policy and must not be used for ML training or tuning.""}"
OFF-0021,8026688554,2676-DZINU,SUP-04,2013-02-22,2013-03-03,2013-03-16,60.72,1.24,0.75,59.97,21,accepted,2013-02-23,optimizer_v0_demo_log,,finance_manager,synthetic,1,0,rate_not_on_0.5_percent_grid,SIMULATED_DEMONSTRATION_OFFER_HISTORY,0,"{""data_origin"":""SIMULATED_DEMONSTRATION_OFFER_HISTORY"",""ml_use_allowed"":0,""original_approver"":""fm.rahul"",""original_approver_role"":""finance_manager"",""original_recommended_by"":""optimizer_v0_demo_log"",""policy_note"":""Historical/simulated demonstration offer. Not generated by the final production policy and must not be used for ML training or tuning.""}"
OFF-0022,5554040283,0783-PEPYR,SUP-03,2013-02-22,2013-02-27,2013-03-19,59.36,2.43,1.44,57.92,0,expired,2013-02-27,optimizer_v0_demo_log,,finance_manager,synthetic,1,0,rate_not_on_0.5_percent_grid;rate_above_global_max_1.5_percent,SIMULATED_DEMONSTRATION_OFFER_HISTORY,0,"{""data_origin"":""SIMULATED_DEMONSTRATION_OFFER_HISTORY"",""ml_use_allowed"":0,""original_approver"":""fm.priya"",""original_approver_role"":""finance_manager"",""original_recommended_by"":""optimizer_v0_demo_log"",""policy_note"":""Historical/simulated demonstration offer. Not generated by the final production policy and must not be used for ML training or tuning.""}"
OFF-0023,2441403899,7372-CESLR,SUP-02,2013-03-02,2013-03-10,2013-03-29,59.17,1.24,0.73,58.44,0,declined,2013-03-10,optimizer_v0_demo_log,,finance_manager,synthetic,1,0,rate_not_on_0.5_percent_grid,SIMULATED_DEMONSTRATION_OFFER_HISTORY,0,"{""data_origin"":""SIMULATED_DEMONSTRATION_OFFER_HISTORY"",""ml_use_allowed"":0,""original_approver"":""fm.priya"",""original_approver_role"":""finance_manager"",""original_recommended_by"":""optimizer_v0_demo_log"",""policy_note"":""Historical/simulated demonstration offer. Not generated by the final production policy and must not be used for ML training or tuning.""}"
OFF-0025,6287088969,7856-ODQFO,SUP-02,2013-03-10,2013-03-19,2013-04-07,61.67,1.65,1.02,60.65,0,declined,2013-03-19,optimizer_v0_demo_log,,finance_manager,synthetic,1,0,rate_not_on_0.5_percent_grid;rate_above_global_max_1.5_percent,SIMULATED_DEMONSTRATION_OFFER_HISTORY,0,"{""data_origin"":""SIMULATED_DEMONSTRATION_OFFER_HISTORY"",""ml_use_allowed"":0,""original_approver"":""fm.rahul"",""original_approver_role"":""finance_manager"",""original_recommended_by"":""optimizer_v0_demo_log"",""policy_note"":""Historical/simulated demonstration offer. Not generated by the final production policy and must not be used for ML training or tuning.""}"
OFF-0026,3414952429,7329-TWKLF,SUP-03,2013-03-17,2013-03-23,2013-04-09,62.24,1.78,1.11,61.13,0,declined,2013-03-23,optimizer_v0_demo_log,,finance_manager,synthetic,1,0,rate_not_on_0.5_percent_grid;rate_above_global_max_1.5_percent,SIMULATED_DEMONSTRATION_OFFER_HISTORY,0,"{""data_origin"":""SIMULATED_DEMONSTRATION_OFFER_HISTORY"",""ml_use_allowed"":0,""original_approver"":""analyst.unnati"",""original_approver_role"":""finance_manager"",""original_recommended_by"":""optimizer_v0_demo_log"",""policy_note"":""Historical/simulated demonstration offer. Not generated by the final production policy and must not be used for ML training or tuning.""}"
OFF-0027,588467684,5529-TBPGK,SUP-04,2013-03-22,2013-04-01,2013-04-11,46.63,1.83,0.86,45.77,0,declined,2013-04-01,optimizer_v0_demo_log,,finance_manager,synthetic,1,0,rate_not_on_0.5_percent_grid;rate_above_global_max_1.5_percent,SIMULATED_DEMONSTRATION_OFFER_HISTORY,0,"{""data_origin"":""SIMULATED_DEMONSTRATION_OFFER_HISTORY"",""ml_use_allowed"":0,""original_approver"":""fm.priya"",""original_approver_role"":""finance_manager"",""original_recommended_by"":""optimizer_v0_demo_log"",""policy_note"":""Historical/simulated demonstration offer. Not generated by the final production policy and must not be used for ML training or tuning.""}"
OFF-0028,5423618299,6708-DPYTF,SUP-03,2013-03-22,2013-04-01,2013-04-19,81.59,2.45,2.0,79.59,0,expired,2013-04-01,optimizer_v0_demo_log,,finance_manager,synthetic,1,0,rate_not_on_0.5_percent_grid;rate_above_global_max_1.5_percent,SIMULATED_DEMONSTRATION_OFFER_HISTORY,0,"{""data_origin"":""SIMULATED_DEMONSTRATION_OFFER_HISTORY"",""ml_use_allowed"":0,""original_approver"":""fm.rahul"",""original_approver_role"":""finance_manager"",""original_recommended_by"":""optimizer_v0_demo_log"",""policy_note"":""Historical/simulated demonstration offer. Not generated by the final production policy and must not be used for ML training or tuning.""}"
OFF-0029,2094625650,8364-UWVLM,SUP-01,2013-03-28,2013-04-05,2013-04-20,83.02,1.3,1.08,81.94,0,declined,2013-04-05,optimizer_v0_demo_log,,finance_manager,synthetic,1,0,rate_not_on_0.5_percent_grid,SIMULATED_DEMONSTRATION_OFFER_HISTORY,0,"{""data_origin"":""SIMULATED_DEMONSTRATION_OFFER_HISTORY"",""ml_use_allowed"":0,""original_approver"":""fm.priya"",""original_approver_role"":""finance_manager"",""original_recommended_by"":""optimizer_v0_demo_log"",""policy_note"":""Historical/simulated demonstration offer. Not generated by the final production policy and must not be used for ML training or tuning.""}"
OFF-0030,5908935254,3831-FXWYK,SUP-04,2013-04-02,2013-04-11,2013-04-24,85.86,1.95,1.67,84.19,0,expired,2013-04-11,optimizer_v0_demo_log,,finance_manager,synthetic,1,0,rate_not_on_0.5_percent_grid;rate_above_global_max_1.5_percent,SIMULATED_DEMONSTRATION_OFFER_HISTORY,0,"{""data_origin"":""SIMULATED_DEMONSTRATION_OFFER_HISTORY"",""ml_use_allowed"":0,""original_approver"":""analyst.unnati"",""original_approver_role"":""finance_manager"",""original_recommended_by"":""optimizer_v0_demo_log"",""policy_note"":""Historical/simulated demonstration offer. Not generated by the final production policy and must not be used for ML training or tuning.""}"
OFF-0031,7186710473,9460-VAZGD,SUP-03,2013-04-02,2013-04-14,2013-04-27,55.57,0.94,0.52,55.05,0,declined,2013-04-14,optimizer_v0_demo_log,,finance_manager,synthetic,1,0,rate_not_on_0.5_percent_grid,SIMULATED_DEMONSTRATION_OFFER_HISTORY,0,"{""data_origin"":""SIMULATED_DEMONSTRATION_OFFER_HISTORY"",""ml_use_allowed"":0,""original_approver"":""analyst.unnati"",""original_approver_role"":""finance_manager"",""original_recommended_by"":""optimizer_v0_demo_log"",""policy_note"":""Historical/simulated demonstration offer. Not generated by the final production policy and must not be used for ML training or tuning.""}"
OFF-0032,703104577,8820-BLYDZ,SUP-02,2013-04-02,2013-04-07,2013-04-30,73.49,1.69,1.24,72.25,28,accepted,2013-04-02,optimizer_v0_demo_log,,finance_manager,synthetic,1,0,rate_not_on_0.5_percent_grid;rate_above_global_max_1.5_percent,SIMULATED_DEMONSTRATION_OFFER_HISTORY,0,"{""data_origin"":""SIMULATED_DEMONSTRATION_OFFER_HISTORY"",""ml_use_allowed"":0,""original_approver"":""analyst.unnati"",""original_approver_role"":""finance_manager"",""original_recommended_by"":""optimizer_v0_demo_log"",""policy_note"":""Historical/simulated demonstration offer. Not generated by the final production policy and must not be used for ML training or tuning.""}"
OFF-0033,633253847,9149-MATVB,SUP-01,2013-04-03,2013-04-08,2013-05-01,50.95,1.94,0.99,49.96,0,declined,2013-04-08,optimizer_v0_demo_log,,finance_manager,synthetic,1,0,rate_not_on_0.5_percent_grid;rate_above_global_max_1.5_percent,SIMULATED_DEMONSTRATION_OFFER_HISTORY,0,"{""data_origin"":""SIMULATED_DEMONSTRATION_OFFER_HISTORY"",""ml_use_allowed"":0,""original_approver"":""fm.rahul"",""original_approver_role"":""finance_manager"",""original_recommended_by"":""optimizer_v0_demo_log"",""policy_note"":""Historical/simulated demonstration offer. Not generated by the final production policy and must not be used for ML training or tuning.""}"
OFF-0034,8428274862,9174-IYKOC,SUP-01,2013-04-12,2013-04-21,2013-05-07,77.01,1.82,1.4,75.61,0,declined,2013-04-21,optimizer_v0_demo_log,,finance_manager,synthetic,1,0,rate_not_on_0.5_percent_grid;rate_above_global_max_1.5_percent,SIMULATED_DEMONSTRATION_OFFER_HISTORY,0,"{""data_origin"":""SIMULATED_DEMONSTRATION_OFFER_HISTORY"",""ml_use_allowed"":0,""original_approver"":""analyst.unnati"",""original_approver_role"":""finance_manager"",""original_recommended_by"":""optimizer_v0_demo_log"",""policy_note"":""Historical/simulated demonstration offer. Not generated by the final production policy and must not be used for ML training or tuning.""}"
OFF-0035,4056509011,6831-FIODB,SUP-02,2013-04-17,2013-04-24,2013-05-11,74.41,2.06,1.54,72.87,0,declined,2013-04-24,optimizer_v0_demo_log,,finance_manager,synthetic,1,0,rate_not_on_0.5_percent_grid;rate_above_global_max_1.5_percent,SIMULATED_DEMONSTRATION_OFFER_HISTORY,0,"{""data_origin"":""SIMULATED_DEMONSTRATION_OFFER_HISTORY"",""ml_use_allowed"":0,""original_approver"":""analyst.unnati"",""original_approver_role"":""finance_manager"",""original_recommended_by"":""optimizer_v0_demo_log"",""policy_note"":""Historical/simulated demonstration offer. Not generated by the final production policy and must not be used for ML training or tuning.""}"
OFF-0036,2567314578,5924-UOPGH,SUP-03,2013-04-19,2013-04-27,2013-05-14,81.26,1.65,1.34,79.92,0,declined,2013-04-27,optimizer_v0_demo_log,,finance_manager,synthetic,1,0,rate_not_on_0.5_percent_grid;rate_above_global_max_1.5_percent,SIMULATED_DEMONSTRATION_OFFER_HISTORY,0,"{""data_origin"":""SIMULATED_DEMONSTRATION_OFFER_HISTORY"",""ml_use_allowed"":0,""original_approver"":""fm.rahul"",""original_approver_role"":""finance_manager"",""original_recommended_by"":""optimizer_v0_demo_log"",""policy_note"":""Historical/simulated demonstration offer. Not generated by the final production policy and must not be used for ML training or tuning.""}"
OFF-0037,2765073058,2687-XWAMA,SUP-02,2013-04-20,2013-05-02,2013-05-15,55.33,1.07,0.59,54.74,20,accepted,2013-04-25,optimizer_v0_demo_log,,finance_manager,synthetic,1,0,rate_not_on_0.5_percent_grid,SIMULATED_DEMONSTRATION_OFFER_HISTORY,0,"{""data_origin"":""SIMULATED_DEMONSTRATION_OFFER_HISTORY"",""ml_use_allowed"":0,""original_approver"":""analyst.unnati"",""original_approver_role"":""finance_manager"",""original_recommended_by"":""optimizer_v0_demo_log"",""policy_note"":""Historical/simulated demonstration offer. Not generated by the final production policy and must not be used for ML training or tuning.""}"
OFF-0038,3369665872,4640-FGEJI,SUP-03,2013-04-22,2013-04-27,2013-05-20,63.48,2.3,1.46,62.02,0,declined,2013-04-27,optimizer_v0_demo_log,,finance_manager,synthetic,1,0,rate_not_on_0.5_percent_grid;rate_above_global_max_1.5_percent,SIMULATED_DEMONSTRATION_OFFER_HISTORY,0,"{""data_origin"":""SIMULATED_DEMONSTRATION_OFFER_HISTORY"",""ml_use_allowed"":0,""original_approver"":""fm.rahul"",""original_approver_role"":""finance_manager"",""original_recommended_by"":""optimizer_v0_demo_log"",""policy_note"":""Historical/simulated demonstration offer. Not generated by the final production policy and must not be used for ML training or tuning.""}"
OFF-0039,6133129097,1168-BEASA,SUP-03,2013-04-30,2013-05-12,2013-05-22,52.07,1.03,0.54,51.53,0,declined,2013-05-12,optimizer_v0_demo_log,,finance_manager,synthetic,1,0,rate_not_on_0.5_percent_grid,SIMULATED_DEMONSTRATION_OFFER_HISTORY,0,"{""data_origin"":""SIMULATED_DEMONSTRATION_OFFER_HISTORY"",""ml_use_allowed"":0,""original_approver"":""analyst.unnati"",""original_approver_role"":""finance_manager"",""original_recommended_by"":""optimizer_v0_demo_log"",""policy_note"":""Historical/simulated demonstration offer. Not generated by the final production policy and must not be used for ML training or tuning.""}"
OFF-0040,938015647,7946-HJDUR,SUP-01,2013-05-01,2013-05-13,2013-05-22,49.03,1.14,0.56,48.47,0,declined,2013-05-13,optimizer_v0_demo_log,,finance_manager,synthetic,1,0,rate_not_on_0.5_percent_grid,SIMULATED_DEMONSTRATION_OFFER_HISTORY,0,"{""data_origin"":""SIMULATED_DEMONSTRATION_OFFER_HISTORY"",""ml_use_allowed"":0,""original_approver"":""analyst.unnati"",""original_approver_role"":""finance_manager"",""original_recommended_by"":""optimizer_v0_demo_log"",""policy_note"":""Historical/simulated demonstration offer. Not generated by the final production policy and must not be used for ML training or tuning.""}"
OFF-0041,4804144659,6708-DPYTF,SUP-03,2013-05-02,2013-05-10,2013-05-24,89.07,2.34,2.09,86.98,0,expired,2013-05-10,optimizer_v0_demo_log,,finance_manager,synthetic,1,0,rate_not_on_0.5_percent_grid;rate_above_global_max_1.5_percent,SIMULATED_DEMONSTRATION_OFFER_HISTORY,0,"{""data_origin"":""SIMULATED_DEMONSTRATION_OFFER_HISTORY"",""ml_use_allowed"":0,""original_approver"":""fm.priya"",""original_approver_role"":""finance_manager"",""original_recommended_by"":""optimizer_v0_demo_log"",""policy_note"":""Historical/simulated demonstration offer. Not generated by the final production policy and must not be used for ML training or tuning.""}"
OFF-0042,6681774550,3831-FXWYK,SUP-04,2013-05-03,2013-05-12,2013-05-28,67.23,2.34,1.58,65.65,0,declined,2013-05-12,optimizer_v0_demo_log,,finance_manager,synthetic,1,0,rate_not_on_0.5_percent_grid;rate_above_global_max_1.5_percent,SIMULATED_DEMONSTRATION_OFFER_HISTORY,0,"{""data_origin"":""SIMULATED_DEMONSTRATION_OFFER_HISTORY"",""ml_use_allowed"":0,""original_approver"":""analyst.unnati"",""original_approver_role"":""finance_manager"",""original_recommended_by"":""optimizer_v0_demo_log"",""policy_note"":""Historical/simulated demonstration offer. Not generated by the final production policy and must not be used for ML training or tuning.""}"
OFF-0043,3705856926,9771-QTLGZ,SUP-04,2013-05-01,2013-05-08,2013-05-29,49.21,1.68,0.83,48.38,26,accepted,2013-05-03,optimizer_v0_demo_log,,finance_manager,synthetic,1,0,rate_not_on_0.5_percent_grid;rate_above_global_max_1.5_percent,SIMULATED_DEMONSTRATION_OFFER_HISTORY,0,"{""data_origin"":""SIMULATED_DEMONSTRATION_OFFER_HISTORY"",""ml_use_allowed"":0,""original_approver"":""fm.rahul"",""original_approver_role"":""finance_manager"",""original_recommended_by"":""optimizer_v0_demo_log"",""policy_note"":""Historical/simulated demonstration offer. Not generated by the final production policy and must not be used for ML training or tuning.""}"
OFF-0044,2467417643,8389-TCXFQ,SUP-03,2013-05-09,2013-05-18,2013-06-02,73.57,1.79,1.31,72.26,16,accepted,2013-05-17,optimizer_v0_demo_log,,finance_manager,synthetic,1,0,rate_not_on_0.5_percent_grid;rate_above_global_max_1.5_percent,SIMULATED_DEMONSTRATION_OFFER_HISTORY,0,"{""data_origin"":""SIMULATED_DEMONSTRATION_OFFER_HISTORY"",""ml_use_allowed"":0,""original_approver"":""fm.rahul"",""original_approver_role"":""finance_manager"",""original_recommended_by"":""optimizer_v0_demo_log"",""policy_note"":""Historical/simulated demonstration offer. Not generated by the final production policy and must not be used for ML training or tuning.""}"
OFF-0045,5137377854,3569-VJWXS,SUP-01,2013-05-14,2013-05-21,2013-06-06,50.63,1.69,0.85,49.78,16,accepted,2013-05-21,optimizer_v0_demo_log,,finance_manager,synthetic,1,0,rate_not_on_0.5_percent_grid;rate_above_global_max_1.5_percent,SIMULATED_DEMONSTRATION_OFFER_HISTORY,0,"{""data_origin"":""SIMULATED_DEMONSTRATION_OFFER_HISTORY"",""ml_use_allowed"":0,""original_approver"":""fm.rahul"",""original_approver_role"":""finance_manager"",""original_recommended_by"":""optimizer_v0_demo_log"",""policy_note"":""Historical/simulated demonstration offer. Not generated by the final production policy and must not be used for ML training or tuning.""}"
OFF-0046,9298034378,2676-DZINU,SUP-04,2013-05-21,2013-05-28,2013-06-12,68.69,1.08,0.74,67.95,21,accepted,2013-05-22,optimizer_v0_demo_log,,finance_manager,synthetic,1,0,rate_not_on_0.5_percent_grid,SIMULATED_DEMONSTRATION_OFFER_HISTORY,0,"{""data_origin"":""SIMULATED_DEMONSTRATION_OFFER_HISTORY"",""ml_use_allowed"":0,""original_approver"":""analyst.unnati"",""original_approver_role"":""finance_manager"",""original_recommended_by"":""optimizer_v0_demo_log"",""policy_note"":""Historical/simulated demonstration offer. Not generated by the final production policy and must not be used for ML training or tuning.""}"
OFF-0047,5126179664,1447-YZKCL,SUP-02,2013-05-22,2013-06-03,2013-06-16,58.35,1.81,1.06,57.29,0,declined,2013-06-03,optimizer_v0_demo_log,,finance_manager,synthetic,1,0,rate_not_on_0.5_percent_grid;rate_above_global_max_1.5_percent,SIMULATED_DEMONSTRATION_OFFER_HISTORY,0,"{""data_origin"":""SIMULATED_DEMONSTRATION_OFFER_HISTORY"",""ml_use_allowed"":0,""original_approver"":""analyst.unnati"",""original_approver_role"":""finance_manager"",""original_recommended_by"":""optimizer_v0_demo_log"",""policy_note"":""Historical/simulated demonstration offer. Not generated by the final production policy and must not be used for ML training or tuning.""}"
OFF-0048,7076480298,8389-TCXFQ,SUP-01,2013-05-21,2013-05-27,2013-06-17,51.53,1.94,1.0,50.53,0,declined,2013-05-27,optimizer_v0_demo_log,,finance_manager,synthetic,1,0,rate_not_on_0.5_percent_grid;rate_above_global_max_1.5_percent,SIMULATED_DEMONSTRATION_OFFER_HISTORY,0,"{""data_origin"":""SIMULATED_DEMONSTRATION_OFFER_HISTORY"",""ml_use_allowed"":0,""original_approver"":""fm.rahul"",""original_approver_role"":""finance_manager"",""original_recommended_by"":""optimizer_v0_demo_log"",""policy_note"":""Historical/simulated demonstration offer. Not generated by the final production policy and must not be used for ML training or tuning.""}"
OFF-0049,1099187495,9181-HEKGV,SUP-04,2013-05-29,2013-06-04,2013-06-19,75.18,2.14,1.61,73.57,0,expired,2013-06-04,optimizer_v0_demo_log,,finance_manager,synthetic,1,0,rate_not_on_0.5_percent_grid;rate_above_global_max_1.5_percent,SIMULATED_DEMONSTRATION_OFFER_HISTORY,0,"{""data_origin"":""SIMULATED_DEMONSTRATION_OFFER_HISTORY"",""ml_use_allowed"":0,""original_approver"":""analyst.unnati"",""original_approver_role"":""finance_manager"",""original_recommended_by"":""optimizer_v0_demo_log"",""policy_note"":""Historical/simulated demonstration offer. Not generated by the final production policy and must not be used for ML training or tuning.""}"
OFF-0051,7394801898,8389-TCXFQ,SUP-03,2013-05-31,2013-06-06,2013-06-26,50.89,1.92,0.98,49.91,0,declined,2013-06-06,optimizer_v0_demo_log,,finance_manager,synthetic,1,0,rate_not_on_0.5_percent_grid;rate_above_global_max_1.5_percent,SIMULATED_DEMONSTRATION_OFFER_HISTORY,0,"{""data_origin"":""SIMULATED_DEMONSTRATION_OFFER_HISTORY"",""ml_use_allowed"":0,""original_approver"":""fm.priya"",""original_approver_role"":""finance_manager"",""original_recommended_by"":""optimizer_v0_demo_log"",""policy_note"":""Historical/simulated demonstration offer. Not generated by the final production policy and must not be used for ML training or tuning.""}"
OFF-0052,1491859500,9117-LYRCE,SUP-02,2013-06-05,2013-06-12,2013-06-27,67.72,2.03,1.37,66.35,0,declined,2013-06-12,optimizer_v0_demo_log,,finance_manager,synthetic,1,0,rate_not_on_0.5_percent_grid;rate_above_global_max_1.5_percent,SIMULATED_DEMONSTRATION_OFFER_HISTORY,0,"{""data_origin"":""SIMULATED_DEMONSTRATION_OFFER_HISTORY"",""ml_use_allowed"":0,""original_approver"":""analyst.unnati"",""original_approver_role"":""finance_manager"",""original_recommended_by"":""optimizer_v0_demo_log"",""policy_note"":""Historical/simulated demonstration offer. Not generated by the final production policy and must not be used for ML training or tuning.""}"
OFF-0053,9124590748,6627-ELFBK,SUP-02,2013-06-08,2013-06-18,2013-06-30,66.51,1.47,0.98,65.53,14,accepted,2013-06-16,optimizer_v0_demo_log,,finance_manager,synthetic,1,0,rate_not_on_0.5_percent_grid,SIMULATED_DEMONSTRATION_OFFER_HISTORY,0,"{""data_origin"":""SIMULATED_DEMONSTRATION_OFFER_HISTORY"",""ml_use_allowed"":0,""original_approver"":""fm.rahul"",""original_approver_role"":""finance_manager"",""original_recommended_by"":""optimizer_v0_demo_log"",""policy_note"":""Historical/simulated demonstration offer. Not generated by the final production policy and must not be used for ML training or tuning.""}"
OFF-0055,1020758229,7245-CKNCN,SUP-03,2013-06-16,2013-06-21,2013-07-06,67.19,1.43,0.96,66.23,16,accepted,2013-06-20,optimizer_v0_demo_log,,finance_manager,synthetic,1,0,rate_not_on_0.5_percent_grid,SIMULATED_DEMONSTRATION_OFFER_HISTORY,0,"{""data_origin"":""SIMULATED_DEMONSTRATION_OFFER_HISTORY"",""ml_use_allowed"":0,""original_approver"":""fm.priya"",""original_approver_role"":""finance_manager"",""original_recommended_by"":""optimizer_v0_demo_log"",""policy_note"":""Historical/simulated demonstration offer. Not generated by the final production policy and must not be used for ML training or tuning.""}"
OFF-0056,2355391609,2423-QOKIO,SUP-02,2013-06-12,2013-06-20,2013-07-08,60.62,1.51,0.92,59.7,0,declined,2013-06-20,optimizer_v0_demo_log,,finance_manager,synthetic,1,0,rate_not_on_0.5_percent_grid;rate_above_global_max_1.5_percent,SIMULATED_DEMONSTRATION_OFFER_HISTORY,0,"{""data_origin"":""SIMULATED_DEMONSTRATION_OFFER_HISTORY"",""ml_use_allowed"":0,""original_approver"":""fm.priya"",""original_approver_role"":""finance_manager"",""original_recommended_by"":""optimizer_v0_demo_log"",""policy_note"":""Historical/simulated demonstration offer. Not generated by the final production policy and must not be used for ML training or tuning.""}"
OFF-0057,2952430924,5920-DPXLN,SUP-03,2013-06-18,2013-06-26,2013-07-11,53.09,1.37,0.73,52.36,20,accepted,2013-06-21,optimizer_v0_demo_log,,finance_manager,synthetic,1,0,rate_not_on_0.5_percent_grid,SIMULATED_DEMONSTRATION_OFFER_HISTORY,0,"{""data_origin"":""SIMULATED_DEMONSTRATION_OFFER_HISTORY"",""ml_use_allowed"":0,""original_approver"":""fm.rahul"",""original_approver_role"":""finance_manager"",""original_recommended_by"":""optimizer_v0_demo_log"",""policy_note"":""Historical/simulated demonstration offer. Not generated by the final production policy and must not be used for ML training or tuning.""}"
OFF-0058,2741619477,8389-TCXFQ,SUP-01,2013-06-21,2013-07-03,2013-07-11,88.19,1.38,1.22,86.97,0,declined,2013-07-03,optimizer_v0_demo_log,,finance_manager,synthetic,1,0,rate_not_on_0.5_percent_grid,SIMULATED_DEMONSTRATION_OFFER_HISTORY,0,"{""data_origin"":""SIMULATED_DEMONSTRATION_OFFER_HISTORY"",""ml_use_allowed"":0,""original_approver"":""analyst.unnati"",""original_approver_role"":""finance_manager"",""original_recommended_by"":""optimizer_v0_demo_log"",""policy_note"":""Historical/simulated demonstration offer. Not generated by the final production policy and must not be used for ML training or tuning.""}"
OFF-0059,7332034292,9841-XLGBV,SUP-03,2013-06-16,2013-06-27,2013-07-12,53.53,1.22,0.65,52.88,0,declined,2013-06-27,optimizer_v0_demo_log,,finance_manager,synthetic,1,0,rate_not_on_0.5_percent_grid,SIMULATED_DEMONSTRATION_OFFER_HISTORY,0,"{""data_origin"":""SIMULATED_DEMONSTRATION_OFFER_HISTORY"",""ml_use_allowed"":0,""original_approver"":""analyst.unnati"",""original_approver_role"":""finance_manager"",""original_recommended_by"":""optimizer_v0_demo_log"",""policy_note"":""Historical/simulated demonstration offer. Not generated by the final production policy and must not be used for ML training or tuning.""}"
OFF-0060,3836894738,7938-EVASK,SUP-02,2013-06-17,2013-06-25,2013-07-13,58.43,2.62,1.53,56.9,0,expired,2013-06-25,optimizer_v0_demo_log,,finance_manager,synthetic,1,0,rate_not_on_0.5_percent_grid;rate_above_global_max_1.5_percent,SIMULATED_DEMONSTRATION_OFFER_HISTORY,0,"{""data_origin"":""SIMULATED_DEMONSTRATION_OFFER_HISTORY"",""ml_use_allowed"":0,""original_approver"":""fm.priya"",""original_approver_role"":""finance_manager"",""original_recommended_by"":""optimizer_v0_demo_log"",""policy_note"":""Historical/simulated demonstration offer. Not generated by the final production policy and must not be used for ML training or tuning.""}"
OFF-0061,9095475537,8976-AMJEO,SUP-01,2013-06-17,2013-06-29,2013-07-15,93.56,1.37,1.28,92.28,0,declined,2013-06-29,optimizer_v0_demo_log,,finance_manager,synthetic,1,0,rate_not_on_0.5_percent_grid,SIMULATED_DEMONSTRATION_OFFER_HISTORY,0,"{""data_origin"":""SIMULATED_DEMONSTRATION_OFFER_HISTORY"",""ml_use_allowed"":0,""original_approver"":""analyst.unnati"",""original_approver_role"":""finance_manager"",""original_recommended_by"":""optimizer_v0_demo_log"",""policy_note"":""Historical/simulated demonstration offer. Not generated by the final production policy and must not be used for ML training or tuning.""}"
OFF-0062,9685874517,3271-YDPUJ,SUP-02,2013-06-24,2013-06-29,2013-07-21,52.51,1.93,1.01,51.5,0,declined,2013-06-29,optimizer_v0_demo_log,,finance_manager,synthetic,1,0,rate_not_on_0.5_percent_grid;rate_above_global_max_1.5_percent,SIMULATED_DEMONSTRATION_OFFER_HISTORY,0,"{""data_origin"":""SIMULATED_DEMONSTRATION_OFFER_HISTORY"",""ml_use_allowed"":0,""original_approver"":""analyst.unnati"",""original_approver_role"":""finance_manager"",""original_recommended_by"":""optimizer_v0_demo_log"",""policy_note"":""Historical/simulated demonstration offer. Not generated by the final production policy and must not be used for ML training or tuning.""}"
OFF-0064,9769339571,2676-DZINU,SUP-04,2013-07-03,2013-07-13,2013-07-24,68.67,1.11,0.76,67.91,21,accepted,2013-07-03,optimizer_v0_demo_log,,finance_manager,synthetic,1,0,rate_not_on_0.5_percent_grid,SIMULATED_DEMONSTRATION_OFFER_HISTORY,0,"{""data_origin"":""SIMULATED_DEMONSTRATION_OFFER_HISTORY"",""ml_use_allowed"":0,""original_approver"":""analyst.unnati"",""original_approver_role"":""finance_manager"",""original_recommended_by"":""optimizer_v0_demo_log"",""policy_note"":""Historical/simulated demonstration offer. Not generated by the final production policy and must not be used for ML training or tuning.""}"
OFF-0065,1387296868,9460-VAZGD,SUP-03,2013-07-07,2013-07-13,2013-07-29,72.17,1.04,0.75,71.42,0,declined,2013-07-13,optimizer_v0_demo_log,,finance_manager,synthetic,1,0,rate_not_on_0.5_percent_grid,SIMULATED_DEMONSTRATION_OFFER_HISTORY,0,"{""data_origin"":""SIMULATED_DEMONSTRATION_OFFER_HISTORY"",""ml_use_allowed"":0,""original_approver"":""fm.rahul"",""original_approver_role"":""finance_manager"",""original_recommended_by"":""optimizer_v0_demo_log"",""policy_note"":""Historical/simulated demonstration offer. Not generated by the final production policy and must not be used for ML training or tuning.""}"
OFF-0066,9231909,2820-XGXSB,SUP-02,2013-07-06,2013-07-12,2013-08-02,65.88,1.55,1.02,64.86,25,accepted,2013-07-08,optimizer_v0_demo_log,,finance_manager,synthetic,1,0,rate_not_on_0.5_percent_grid;rate_above_global_max_1.5_percent,SIMULATED_DEMONSTRATION_OFFER_HISTORY,0,"{""data_origin"":""SIMULATED_DEMONSTRATION_OFFER_HISTORY"",""ml_use_allowed"":0,""original_approver"":""analyst.unnati"",""original_approver_role"":""finance_manager"",""original_recommended_by"":""optimizer_v0_demo_log"",""policy_note"":""Historical/simulated demonstration offer. Not generated by the final production policy and must not be used for ML training or tuning.""}"
OFF-0067,6453395358,1168-BEASA,SUP-03,2013-07-08,2013-07-20,2013-08-05,49.75,1.34,0.66,49.09,0,declined,2013-07-20,optimizer_v0_demo_log,,finance_manager,synthetic,1,0,rate_not_on_0.5_percent_grid,SIMULATED_DEMONSTRATION_OFFER_HISTORY,0,"{""data_origin"":""SIMULATED_DEMONSTRATION_OFFER_HISTORY"",""ml_use_allowed"":0,""original_approver"":""fm.rahul"",""original_approver_role"":""finance_manager"",""original_recommended_by"":""optimizer_v0_demo_log"",""policy_note"":""Historical/simulated demonstration offer. Not generated by the final production policy and must not be used for ML training or tuning.""}"
OFF-0068,7100218787,0709-LZRJV,SUP-01,2013-07-27,2013-08-08,2013-08-22,61.89,1.94,1.2,60.69,0,declined,2013-08-08,optimizer_v0_demo_log,,finance_manager,synthetic,1,0,rate_not_on_0.5_percent_grid;rate_above_global_max_1.5_percent,SIMULATED_DEMONSTRATION_OFFER_HISTORY,0,"{""data_origin"":""SIMULATED_DEMONSTRATION_OFFER_HISTORY"",""ml_use_allowed"":0,""original_approver"":""fm.rahul"",""original_approver_role"":""finance_manager"",""original_recommended_by"":""optimizer_v0_demo_log"",""policy_note"":""Historical/simulated demonstration offer. Not generated by the final production policy and must not be used for ML training or tuning.""}"
OFF-0070,9166038468,2125-HJDLA,SUP-01,2013-08-13,2013-08-19,2013-09-02,69.73,1.69,1.18,68.55,0,expired,2013-08-19,optimizer_v0_demo_log,,finance_manager,synthetic,1,0,rate_not_on_0.5_percent_grid;rate_above_global_max_1.5_percent,SIMULATED_DEMONSTRATION_OFFER_HISTORY,0,"{""data_origin"":""SIMULATED_DEMONSTRATION_OFFER_HISTORY"",""ml_use_allowed"":0,""original_approver"":""analyst.unnati"",""original_approver_role"":""finance_manager"",""original_recommended_by"":""optimizer_v0_demo_log"",""policy_note"":""Historical/simulated demonstration offer. Not generated by the final production policy and must not be used for ML training or tuning.""}"
OFF-0071,3056950219,0379-NEVHP,SUP-01,2013-08-19,2013-08-25,2013-09-10,47.08,1.63,0.77,46.31,20,accepted,2013-08-21,optimizer_v0_demo_log,,finance_manager,synthetic,1,0,rate_not_on_0.5_percent_grid;rate_above_global_max_1.5_percent,SIMULATED_DEMONSTRATION_OFFER_HISTORY,0,"{""data_origin"":""SIMULATED_DEMONSTRATION_OFFER_HISTORY"",""ml_use_allowed"":0,""original_approver"":""fm.priya"",""original_approver_role"":""finance_manager"",""original_recommended_by"":""optimizer_v0_demo_log"",""policy_note"":""Historical/simulated demonstration offer. Not generated by the final production policy and must not be used for ML training or tuning.""}"
OFF-0072,5390563017,6833-ETVHD,SUP-01,2013-08-20,2013-08-26,2013-09-11,62.4,1.19,0.74,61.66,0,declined,2013-08-26,optimizer_v0_demo_log,,finance_manager,synthetic,1,0,rate_not_on_0.5_percent_grid,SIMULATED_DEMONSTRATION_OFFER_HISTORY,0,"{""data_origin"":""SIMULATED_DEMONSTRATION_OFFER_HISTORY"",""ml_use_allowed"":0,""original_approver"":""analyst.unnati"",""original_approver_role"":""finance_manager"",""original_recommended_by"":""optimizer_v0_demo_log"",""policy_note"":""Historical/simulated demonstration offer. Not generated by the final production policy and must not be used for ML training or tuning.""}"
OFF-0073,7085238926,7938-EVASK,SUP-01,2013-08-16,2013-08-23,2013-09-12,63.32,2.66,1.68,61.64,0,declined,2013-08-23,optimizer_v0_demo_log,,finance_manager,synthetic,1,0,rate_not_on_0.5_percent_grid;rate_above_global_max_1.5_percent,SIMULATED_DEMONSTRATION_OFFER_HISTORY,0,"{""data_origin"":""SIMULATED_DEMONSTRATION_OFFER_HISTORY"",""ml_use_allowed"":0,""original_approver"":""fm.rahul"",""original_approver_role"":""finance_manager"",""original_recommended_by"":""optimizer_v0_demo_log"",""policy_note"":""Historical/simulated demonstration offer. Not generated by the final production policy and must not be used for ML training or tuning.""}"
OFF-0074,7285560671,0379-NEVHP,SUP-01,2013-08-19,2013-08-27,2013-09-15,70.9,1.45,1.03,69.87,0,declined,2013-08-27,optimizer_v0_demo_log,,finance_manager,synthetic,1,0,rate_not_on_0.5_percent_grid,SIMULATED_DEMONSTRATION_OFFER_HISTORY,0,"{""data_origin"":""SIMULATED_DEMONSTRATION_OFFER_HISTORY"",""ml_use_allowed"":0,""original_approver"":""analyst.unnati"",""original_approver_role"":""finance_manager"",""original_recommended_by"":""optimizer_v0_demo_log"",""policy_note"":""Historical/simulated demonstration offer. Not generated by the final production policy and must not be used for ML training or tuning.""}"
OFF-0075,5934744260,1168-BEASA,SUP-03,2013-08-21,2013-08-27,2013-09-17,58.68,1.81,1.06,57.62,0,declined,2013-08-27,optimizer_v0_demo_log,,finance_manager,synthetic,1,0,rate_not_on_0.5_percent_grid;rate_above_global_max_1.5_percent,SIMULATED_DEMONSTRATION_OFFER_HISTORY,0,"{""data_origin"":""SIMULATED_DEMONSTRATION_OFFER_HISTORY"",""ml_use_allowed"":0,""original_approver"":""analyst.unnati"",""original_approver_role"":""finance_manager"",""original_recommended_by"":""optimizer_v0_demo_log"",""policy_note"":""Historical/simulated demonstration offer. Not generated by the final production policy and must not be used for ML training or tuning.""}"
OFF-0076,7152768721,9149-MATVB,SUP-01,2013-08-26,2013-09-07,2013-09-20,81.85,1.2,0.98,80.87,0,declined,2013-09-07,optimizer_v0_demo_log,,finance_manager,synthetic,1,0,rate_not_on_0.5_percent_grid,SIMULATED_DEMONSTRATION_OFFER_HISTORY,0,"{""data_origin"":""SIMULATED_DEMONSTRATION_OFFER_HISTORY"",""ml_use_allowed"":0,""original_approver"":""analyst.unnati"",""original_approver_role"":""finance_manager"",""original_recommended_by"":""optimizer_v0_demo_log"",""policy_note"":""Historical/simulated demonstration offer. Not generated by the final production policy and must not be used for ML training or tuning.""}"
OFF-0077,7050267416,7260-ZHAKS,SUP-01,2013-08-25,2013-08-31,2013-09-20,68.16,1.77,1.2,66.96,0,declined,2013-08-31,optimizer_v0_demo_log,,finance_manager,synthetic,1,0,rate_not_on_0.5_percent_grid;rate_above_global_max_1.5_percent,SIMULATED_DEMONSTRATION_OFFER_HISTORY,0,"{""data_origin"":""SIMULATED_DEMONSTRATION_OFFER_HISTORY"",""ml_use_allowed"":0,""original_approver"":""fm.priya"",""original_approver_role"":""finance_manager"",""original_recommended_by"":""optimizer_v0_demo_log"",""policy_note"":""Historical/simulated demonstration offer. Not generated by the final production policy and must not be used for ML training or tuning.""}"
OFF-0078,2953405140,5164-VMYWJ,SUP-02,2013-08-23,2013-08-31,2013-09-20,61.41,1.77,1.09,60.32,0,declined,2013-08-31,optimizer_v0_demo_log,,finance_manager,synthetic,1,0,rate_not_on_0.5_percent_grid;rate_above_global_max_1.5_percent,SIMULATED_DEMONSTRATION_OFFER_HISTORY,0,"{""data_origin"":""SIMULATED_DEMONSTRATION_OFFER_HISTORY"",""ml_use_allowed"":0,""original_approver"":""fm.rahul"",""original_approver_role"":""finance_manager"",""original_recommended_by"":""optimizer_v0_demo_log"",""policy_note"":""Historical/simulated demonstration offer. Not generated by the final production policy and must not be used for ML training or tuning.""}"
OFF-0079,2338417971,5284-DJOZO,SUP-04,2013-08-25,2013-09-02,2013-09-20,65.57,1.52,0.99,64.58,25,accepted,2013-08-26,optimizer_v0_demo_log,,finance_manager,synthetic,1,0,rate_not_on_0.5_percent_grid;rate_above_global_max_1.5_percent,SIMULATED_DEMONSTRATION_OFFER_HISTORY,0,"{""data_origin"":""SIMULATED_DEMONSTRATION_OFFER_HISTORY"",""ml_use_allowed"":0,""original_approver"":""analyst.unnati"",""original_approver_role"":""finance_manager"",""original_recommended_by"":""optimizer_v0_demo_log"",""policy_note"":""Historical/simulated demonstration offer. Not generated by the final production policy and must not be used for ML training or tuning.""}"
OFF-0080,3732687518,8820-BLYDZ,SUP-02,2013-08-27,2013-09-04,2013-09-21,70.91,1.58,1.12,69.79,24,accepted,2013-08-28,optimizer_v0_demo_log,,finance_manager,synthetic,1,0,rate_not_on_0.5_percent_grid;rate_above_global_max_1.5_percent,SIMULATED_DEMONSTRATION_OFFER_HISTORY,0,"{""data_origin"":""SIMULATED_DEMONSTRATION_OFFER_HISTORY"",""ml_use_allowed"":0,""original_approver"":""analyst.unnati"",""original_approver_role"":""finance_manager"",""original_recommended_by"":""optimizer_v0_demo_log"",""policy_note"":""Historical/simulated demonstration offer. Not generated by the final production policy and must not be used for ML training or tuning.""}"
OFF-0081,3542268547,0706-NRGUP,SUP-03,2013-09-05,2013-09-12,2013-09-26,57.2,2.12,1.21,55.99,0,expired,2013-09-12,optimizer_v0_demo_log,,finance_manager,synthetic,1,0,rate_not_on_0.5_percent_grid;rate_above_global_max_1.5_percent,SIMULATED_DEMONSTRATION_OFFER_HISTORY,0,"{""data_origin"":""SIMULATED_DEMONSTRATION_OFFER_HISTORY"",""ml_use_allowed"":0,""original_approver"":""fm.rahul"",""original_approver_role"":""finance_manager"",""original_recommended_by"":""optimizer_v0_demo_log"",""policy_note"":""Historical/simulated demonstration offer. Not generated by the final production policy and must not be used for ML training or tuning.""}"
OFF-0082,5135727501,6632-CGYHU,SUP-02,2013-09-04,2013-09-12,2013-10-01,68.88,1.71,1.17,67.71,24,accepted,2013-09-07,optimizer_v0_demo_log,,finance_manager,synthetic,1,0,rate_not_on_0.5_percent_grid;rate_above_global_max_1.5_percent,SIMULATED_DEMONSTRATION_OFFER_HISTORY,0,"{""data_origin"":""SIMULATED_DEMONSTRATION_OFFER_HISTORY"",""ml_use_allowed"":0,""original_approver"":""fm.rahul"",""original_approver_role"":""finance_manager"",""original_recommended_by"":""optimizer_v0_demo_log"",""policy_note"":""Historical/simulated demonstration offer. Not generated by the final production policy and must not be used for ML training or tuning.""}"
OFF-0083,7096221227,2824-HJQPP,SUP-04,2013-09-07,2013-09-12,2013-10-02,66.59,1.7,1.13,65.46,0,expired,2013-09-12,optimizer_v0_demo_log,,finance_manager,synthetic,1,0,rate_not_on_0.5_percent_grid;rate_above_global_max_1.5_percent,SIMULATED_DEMONSTRATION_OFFER_HISTORY,0,"{""data_origin"":""SIMULATED_DEMONSTRATION_OFFER_HISTORY"",""ml_use_allowed"":0,""original_approver"":""analyst.unnati"",""original_approver_role"":""finance_manager"",""original_recommended_by"":""optimizer_v0_demo_log"",""policy_note"":""Historical/simulated demonstration offer. Not generated by the final production policy and must not be used for ML training or tuning.""}"
OFF-0084,3341311423,9323-NDIOV,SUP-03,2013-09-12,2013-09-23,2013-10-02,68.97,1.58,1.09,67.88,0,declined,2013-09-23,optimizer_v0_demo_log,,finance_manager,synthetic,1,0,rate_not_on_0.5_percent_grid;rate_above_global_max_1.5_percent,SIMULATED_DEMONSTRATION_OFFER_HISTORY,0,"{""data_origin"":""SIMULATED_DEMONSTRATION_OFFER_HISTORY"",""ml_use_allowed"":0,""original_approver"":""fm.rahul"",""original_approver_role"":""finance_manager"",""original_recommended_by"":""optimizer_v0_demo_log"",""policy_note"":""Historical/simulated demonstration offer. Not generated by the final production policy and must not be used for ML training or tuning.""}"
OFF-0085,5796159925,2026-XLBER,SUP-04,2013-09-13,2013-09-24,2013-10-08,55.16,1.0,0.55,54.61,21,accepted,2013-09-17,optimizer_v0_demo_log,,finance_manager,synthetic,1,1,,SIMULATED_DEMONSTRATION_OFFER_HISTORY,0,"{""data_origin"":""SIMULATED_DEMONSTRATION_OFFER_HISTORY"",""ml_use_allowed"":0,""original_approver"":""fm.priya"",""original_approver_role"":""finance_manager"",""original_recommended_by"":""optimizer_v0_demo_log"",""policy_note"":""Historical/simulated demonstration offer. Not generated by the final production policy and must not be used for ML training or tuning.""}"
OFF-0086,176953642,9323-NDIOV,SUP-01,2013-09-19,2013-09-25,2013-10-10,65.0,1.55,1.01,63.99,0,expired,2013-09-25,optimizer_v0_demo_log,,finance_manager,synthetic,1,0,rate_not_on_0.5_percent_grid;rate_above_global_max_1.5_percent,SIMULATED_DEMONSTRATION_OFFER_HISTORY,0,"{""data_origin"":""SIMULATED_DEMONSTRATION_OFFER_HISTORY"",""ml_use_allowed"":0,""original_approver"":""fm.rahul"",""original_approver_role"":""finance_manager"",""original_recommended_by"":""optimizer_v0_demo_log"",""policy_note"":""Historical/simulated demonstration offer. Not generated by the final production policy and must not be used for ML training or tuning.""}"
OFF-0087,1754538629,6708-DPYTF,SUP-03,2013-09-16,2013-09-21,2013-10-11,79.52,2.67,2.12,77.4,0,declined,2013-09-21,optimizer_v0_demo_log,,finance_manager,synthetic,1,0,rate_not_on_0.5_percent_grid;rate_above_global_max_1.5_percent,SIMULATED_DEMONSTRATION_OFFER_HISTORY,0,"{""data_origin"":""SIMULATED_DEMONSTRATION_OFFER_HISTORY"",""ml_use_allowed"":0,""original_approver"":""fm.priya"",""original_approver_role"":""finance_manager"",""original_recommended_by"":""optimizer_v0_demo_log"",""policy_note"":""Historical/simulated demonstration offer. Not generated by the final production policy and must not be used for ML training or tuning.""}"
OFF-0088,883694015,7245-CKNCN,SUP-03,2013-09-19,2013-09-27,2013-10-14,92.77,1.35,1.25,91.52,18,accepted,2013-09-26,optimizer_v0_demo_log,,finance_manager,synthetic,1,0,rate_not_on_0.5_percent_grid,SIMULATED_DEMONSTRATION_OFFER_HISTORY,0,"{""data_origin"":""SIMULATED_DEMONSTRATION_OFFER_HISTORY"",""ml_use_allowed"":0,""original_approver"":""analyst.unnati"",""original_approver_role"":""finance_manager"",""original_recommended_by"":""optimizer_v0_demo_log"",""policy_note"":""Historical/simulated demonstration offer. Not generated by the final production policy and must not be used for ML training or tuning.""}"
OFF-0089,6640953472,7050-KQLDO,SUP-01,2013-09-17,2013-09-25,2013-10-14,55.88,1.62,0.91,54.97,0,declined,2013-09-25,optimizer_v0_demo_log,,finance_manager,synthetic,1,0,rate_not_on_0.5_percent_grid;rate_above_global_max_1.5_percent,SIMULATED_DEMONSTRATION_OFFER_HISTORY,0,"{""data_origin"":""SIMULATED_DEMONSTRATION_OFFER_HISTORY"",""ml_use_allowed"":0,""original_approver"":""fm.priya"",""original_approver_role"":""finance_manager"",""original_recommended_by"":""optimizer_v0_demo_log"",""policy_note"":""Historical/simulated demonstration offer. Not generated by the final production policy and must not be used for ML training or tuning.""}"
OFF-0091,8066534559,9014-WENVB,SUP-04,2013-10-05,2013-10-14,2013-10-26,64.95,1.2,0.78,64.17,0,declined,2013-10-14,optimizer_v0_demo_log,,finance_manager,synthetic,1,0,rate_not_on_0.5_percent_grid,SIMULATED_DEMONSTRATION_OFFER_HISTORY,0,"{""data_origin"":""SIMULATED_DEMONSTRATION_OFFER_HISTORY"",""ml_use_allowed"":0,""original_approver"":""fm.priya"",""original_approver_role"":""finance_manager"",""original_recommended_by"":""optimizer_v0_demo_log"",""policy_note"":""Historical/simulated demonstration offer. Not generated by the final production policy and must not be used for ML training or tuning.""}"
OFF-0092,4047974141,9460-VAZGD,SUP-02,2013-10-06,2013-10-15,2013-10-28,51.0,0.84,0.43,50.57,13,accepted,2013-10-15,optimizer_v0_demo_log,,finance_manager,synthetic,1,0,rate_not_on_0.5_percent_grid,SIMULATED_DEMONSTRATION_OFFER_HISTORY,0,"{""data_origin"":""SIMULATED_DEMONSTRATION_OFFER_HISTORY"",""ml_use_allowed"":0,""original_approver"":""fm.priya"",""original_approver_role"":""finance_manager"",""original_recommended_by"":""optimizer_v0_demo_log"",""policy_note"":""Historical/simulated demonstration offer. Not generated by the final production policy and must not be used for ML training or tuning.""}"
OFF-0093,9121577010,8156-PCYBM,SUP-02,2013-10-04,2013-10-14,2013-10-28,76.25,1.31,1.0,75.25,0,declined,2013-10-14,optimizer_v0_demo_log,,finance_manager,synthetic,1,0,rate_not_on_0.5_percent_grid,SIMULATED_DEMONSTRATION_OFFER_HISTORY,0,"{""data_origin"":""SIMULATED_DEMONSTRATION_OFFER_HISTORY"",""ml_use_allowed"":0,""original_approver"":""fm.rahul"",""original_approver_role"":""finance_manager"",""original_recommended_by"":""optimizer_v0_demo_log"",""policy_note"":""Historical/simulated demonstration offer. Not generated by the final production policy and must not be used for ML training or tuning.""}"
OFF-0096,1061077534,9250-VHLWY,SUP-02,2013-10-05,2013-10-12,2013-11-02,53.85,1.4,0.76,53.09,0,declined,2013-10-12,optimizer_v0_demo_log,,finance_manager,synthetic,1,0,rate_not_on_0.5_percent_grid,SIMULATED_DEMONSTRATION_OFFER_HISTORY,0,"{""data_origin"":""SIMULATED_DEMONSTRATION_OFFER_HISTORY"",""ml_use_allowed"":0,""original_approver"":""analyst.unnati"",""original_approver_role"":""finance_manager"",""original_recommended_by"":""optimizer_v0_demo_log"",""policy_note"":""Historical/simulated demonstration offer. Not generated by the final production policy and must not be used for ML training or tuning.""}"
OFF-0098,3548287166,8156-PCYBM,SUP-02,2013-10-11,2013-10-23,2013-11-06,63.39,1.62,1.03,62.36,0,declined,2013-10-23,optimizer_v0_demo_log,,finance_manager,synthetic,1,0,rate_not_on_0.5_percent_grid;rate_above_global_max_1.5_percent,SIMULATED_DEMONSTRATION_OFFER_HISTORY,0,"{""data_origin"":""SIMULATED_DEMONSTRATION_OFFER_HISTORY"",""ml_use_allowed"":0,""original_approver"":""fm.priya"",""original_approver_role"":""finance_manager"",""original_recommended_by"":""optimizer_v0_demo_log"",""policy_note"":""Historical/simulated demonstration offer. Not generated by the final production policy and must not be used for ML training or tuning.""}"
OFF-0099,9257925380,2687-XWAMA,SUP-02,2013-10-15,2013-10-21,2013-11-10,62.06,1.51,0.94,61.12,23,accepted,2013-10-18,optimizer_v0_demo_log,,finance_manager,synthetic,1,0,rate_not_on_0.5_percent_grid;rate_above_global_max_1.5_percent,SIMULATED_DEMONSTRATION_OFFER_HISTORY,0,"{""data_origin"":""SIMULATED_DEMONSTRATION_OFFER_HISTORY"",""ml_use_allowed"":0,""original_approver"":""fm.priya"",""original_approver_role"":""finance_manager"",""original_recommended_by"":""optimizer_v0_demo_log"",""policy_note"":""Historical/simulated demonstration offer. Not generated by the final production policy and must not be used for ML training or tuning.""}"
OFF-0100,1652571996,1408-OQZUE,SUP-04,2013-10-23,2013-10-28,2013-11-13,54.23,2.05,1.11,53.12,0,declined,2013-10-28,optimizer_v0_demo_log,,finance_manager,synthetic,1,0,rate_not_on_0.5_percent_grid;rate_above_global_max_1.5_percent,SIMULATED_DEMONSTRATION_OFFER_HISTORY,0,"{""data_origin"":""SIMULATED_DEMONSTRATION_OFFER_HISTORY"",""ml_use_allowed"":0,""original_approver"":""fm.rahul"",""original_approver_role"":""finance_manager"",""original_recommended_by"":""optimizer_v0_demo_log"",""policy_note"":""Historical/simulated demonstration offer. Not generated by the final production policy and must not be used for ML training or tuning.""}"
OFF-0101,5395803659,1604-LIFKX,SUP-02,2013-10-23,2013-11-02,2013-11-17,51.64,2.26,1.17,50.47,0,expired,2013-11-02,optimizer_v0_demo_log,,finance_manager,synthetic,1,0,rate_not_on_0.5_percent_grid;rate_above_global_max_1.5_percent,SIMULATED_DEMONSTRATION_OFFER_HISTORY,0,"{""data_origin"":""SIMULATED_DEMONSTRATION_OFFER_HISTORY"",""ml_use_allowed"":0,""original_approver"":""fm.priya"",""original_approver_role"":""finance_manager"",""original_recommended_by"":""optimizer_v0_demo_log"",""policy_note"":""Historical/simulated demonstration offer. Not generated by the final production policy and must not be used for ML training or tuning.""}"
OFF-0102,9982796720,6708-DPYTF,SUP-03,2013-10-27,2013-11-03,2013-11-17,79.61,2.1,1.67,77.94,0,expired,2013-11-03,optimizer_v0_demo_log,,finance_manager,synthetic,1,0,rate_not_on_0.5_percent_grid;rate_above_global_max_1.5_percent,SIMULATED_DEMONSTRATION_OFFER_HISTORY,0,"{""data_origin"":""SIMULATED_DEMONSTRATION_OFFER_HISTORY"",""ml_use_allowed"":0,""original_approver"":""fm.rahul"",""original_approver_role"":""finance_manager"",""original_recommended_by"":""optimizer_v0_demo_log"",""policy_note"":""Historical/simulated demonstration offer. Not generated by the final production policy and must not be used for ML training or tuning.""}"
OFF-0103,5445841992,4640-FGEJI,SUP-01,2013-10-28,2013-11-02,2013-11-20,97.42,1.93,1.88,95.54,0,declined,2013-11-02,optimizer_v0_demo_log,,finance_manager,synthetic,1,0,rate_not_on_0.5_percent_grid;rate_above_global_max_1.5_percent,SIMULATED_DEMONSTRATION_OFFER_HISTORY,0,"{""data_origin"":""SIMULATED_DEMONSTRATION_OFFER_HISTORY"",""ml_use_allowed"":0,""original_approver"":""fm.priya"",""original_approver_role"":""finance_manager"",""original_recommended_by"":""optimizer_v0_demo_log"",""policy_note"":""Historical/simulated demonstration offer. Not generated by the final production policy and must not be used for ML training or tuning.""}"
OFF-0104,4072901129,5196-TWQXF,SUP-02,2013-11-06,2013-11-11,2013-11-28,78.49,1.37,1.07,77.42,0,declined,2013-11-11,optimizer_v0_demo_log,,finance_manager,synthetic,1,0,rate_not_on_0.5_percent_grid,SIMULATED_DEMONSTRATION_OFFER_HISTORY,0,"{""data_origin"":""SIMULATED_DEMONSTRATION_OFFER_HISTORY"",""ml_use_allowed"":0,""original_approver"":""fm.priya"",""original_approver_role"":""finance_manager"",""original_recommended_by"":""optimizer_v0_demo_log"",""policy_note"":""Historical/simulated demonstration offer. Not generated by the final production policy and must not be used for ML training or tuning.""}"
OFF-0105,2924198306,5148-SYKLB,SUP-02,2013-11-02,2013-11-07,2013-11-30,91.26,2.49,2.28,88.98,0,declined,2013-11-07,optimizer_v0_demo_log,,finance_manager,synthetic,1,0,rate_not_on_0.5_percent_grid;rate_above_global_max_1.5_percent,SIMULATED_DEMONSTRATION_OFFER_HISTORY,0,"{""data_origin"":""SIMULATED_DEMONSTRATION_OFFER_HISTORY"",""ml_use_allowed"":0,""original_approver"":""analyst.unnati"",""original_approver_role"":""finance_manager"",""original_recommended_by"":""optimizer_v0_demo_log"",""policy_note"":""Historical/simulated demonstration offer. Not generated by the final production policy and must not be used for ML training or tuning.""}"
OFF-0106,4988118072,9117-LYRCE,SUP-02,2013-11-08,2013-11-20,2013-12-04,47.33,1.98,0.94,46.39,0,declined,2013-11-20,optimizer_v0_demo_log,,finance_manager,synthetic,1,0,rate_not_on_0.5_percent_grid;rate_above_global_max_1.5_percent,SIMULATED_DEMONSTRATION_OFFER_HISTORY,0,"{""data_origin"":""SIMULATED_DEMONSTRATION_OFFER_HISTORY"",""ml_use_allowed"":0,""original_approver"":""fm.rahul"",""original_approver_role"":""finance_manager"",""original_recommended_by"":""optimizer_v0_demo_log"",""policy_note"":""Historical/simulated demonstration offer. Not generated by the final production policy and must not be used for ML training or tuning.""}"
OFF-0107,2867355070,3598-DNURW,SUP-01,2013-11-08,2013-11-15,2013-12-05,90.41,1.52,1.37,89.04,0,declined,2013-11-15,optimizer_v0_demo_log,,finance_manager,synthetic,1,0,rate_not_on_0.5_percent_grid;rate_above_global_max_1.5_percent,SIMULATED_DEMONSTRATION_OFFER_HISTORY,0,"{""data_origin"":""SIMULATED_DEMONSTRATION_OFFER_HISTORY"",""ml_use_allowed"":0,""original_approver"":""fm.priya"",""original_approver_role"":""finance_manager"",""original_recommended_by"":""optimizer_v0_demo_log"",""policy_note"":""Historical/simulated demonstration offer. Not generated by the final production policy and must not be used for ML training or tuning.""}"
OFF-0108,2693687613,7260-ZHAKS,SUP-01,2013-11-14,2013-11-21,2013-12-06,56.24,1.19,0.67,55.57,0,declined,2013-11-21,optimizer_v0_demo_log,,finance_manager,synthetic,1,0,rate_not_on_0.5_percent_grid,SIMULATED_DEMONSTRATION_OFFER_HISTORY,0,"{""data_origin"":""SIMULATED_DEMONSTRATION_OFFER_HISTORY"",""ml_use_allowed"":0,""original_approver"":""analyst.unnati"",""original_approver_role"":""finance_manager"",""original_recommended_by"":""optimizer_v0_demo_log"",""policy_note"":""Historical/simulated demonstration offer. Not generated by the final production policy and must not be used for ML training or tuning.""}"
OFF-0109,6452306428,4460-ZXNDN,SUP-03,2013-11-10,2013-11-16,2013-12-06,56.03,2.49,1.39,54.64,0,declined,2013-11-16,optimizer_v0_demo_log,,finance_manager,synthetic,1,0,rate_not_on_0.5_percent_grid;rate_above_global_max_1.5_percent,SIMULATED_DEMONSTRATION_OFFER_HISTORY,0,"{""data_origin"":""SIMULATED_DEMONSTRATION_OFFER_HISTORY"",""ml_use_allowed"":0,""original_approver"":""fm.rahul"",""original_approver_role"":""finance_manager"",""original_recommended_by"":""optimizer_v0_demo_log"",""policy_note"":""Historical/simulated demonstration offer. Not generated by the final production policy and must not be used for ML training or tuning.""}"
OFF-0111,6052640963,0625-TNJFG,SUP-03,2013-11-18,2013-11-27,2013-12-11,83.68,1.35,1.13,82.55,0,declined,2013-11-27,optimizer_v0_demo_log,,finance_manager,synthetic,1,0,rate_not_on_0.5_percent_grid,SIMULATED_DEMONSTRATION_OFFER_HISTORY,0,"{""data_origin"":""SIMULATED_DEMONSTRATION_OFFER_HISTORY"",""ml_use_allowed"":0,""original_approver"":""fm.rahul"",""original_approver_role"":""finance_manager"",""original_recommended_by"":""optimizer_v0_demo_log"",""policy_note"":""Historical/simulated demonstration offer. Not generated by the final production policy and must not be used for ML training or tuning.""}"
OFF-0112,6254565489,0688-XNJRO,SUP-02,2013-11-18,2013-11-23,2013-12-15,56.04,2.8,1.57,54.47,0,expired,2013-11-23,optimizer_v0_demo_log,,finance_manager,synthetic,1,0,rate_not_on_0.5_percent_grid;rate_above_global_max_1.5_percent,SIMULATED_DEMONSTRATION_OFFER_HISTORY,0,"{""data_origin"":""SIMULATED_DEMONSTRATION_OFFER_HISTORY"",""ml_use_allowed"":0,""original_approver"":""fm.rahul"",""original_approver_role"":""finance_manager"",""original_recommended_by"":""optimizer_v0_demo_log"",""policy_note"":""Historical/simulated demonstration offer. Not generated by the final production policy and must not be used for ML training or tuning.""}"
OFF-0113,5750325838,1447-YZKCL,SUP-04,2013-11-24,2013-12-04,2013-12-16,77.33,1.71,1.32,76.01,0,expired,2013-12-04,optimizer_v0_demo_log,,finance_manager,synthetic,1,0,rate_not_on_0.5_percent_grid;rate_above_global_max_1.5_percent,SIMULATED_DEMONSTRATION_OFFER_HISTORY,0,"{""data_origin"":""SIMULATED_DEMONSTRATION_OFFER_HISTORY"",""ml_use_allowed"":0,""original_approver"":""analyst.unnati"",""original_approver_role"":""finance_manager"",""original_recommended_by"":""optimizer_v0_demo_log"",""policy_note"":""Historical/simulated demonstration offer. Not generated by the final production policy and must not be used for ML training or tuning.""}"
OFF-0114,1691604826,2820-XGXSB,SUP-02,2013-11-22,2013-11-27,2013-12-20,82.41,1.58,1.3,81.11,24,accepted,2013-11-26,optimizer_v0_demo_log,,finance_manager,synthetic,1,0,rate_not_on_0.5_percent_grid;rate_above_global_max_1.5_percent,SIMULATED_DEMONSTRATION_OFFER_HISTORY,0,"{""data_origin"":""SIMULATED_DEMONSTRATION_OFFER_HISTORY"",""ml_use_allowed"":0,""original_approver"":""analyst.unnati"",""original_approver_role"":""finance_manager"",""original_recommended_by"":""optimizer_v0_demo_log"",""policy_note"":""Historical/simulated demonstration offer. Not generated by the final production policy and must not be used for ML training or tuning.""}"
OFF-0115,8675080549,9174-IYKOC,SUP-01,2013-12-02,2013-12-09,2013-12-24,51.62,1.44,0.74,50.88,0,declined,2013-12-09,optimizer_v0_demo_log,,finance_manager,synthetic,1,0,rate_not_on_0.5_percent_grid,SIMULATED_DEMONSTRATION_OFFER_HISTORY,0,"{""data_origin"":""SIMULATED_DEMONSTRATION_OFFER_HISTORY"",""ml_use_allowed"":0,""original_approver"":""fm.rahul"",""original_approver_role"":""finance_manager"",""original_recommended_by"":""optimizer_v0_demo_log"",""policy_note"":""Historical/simulated demonstration offer. Not generated by the final production policy and must not be used for ML training or tuning.""}"
OFF-0116,6381931555,9149-MATVB,SUP-01,2013-12-02,2013-12-09,2013-12-30,48.59,1.71,0.83,47.76,0,declined,2013-12-09,optimizer_v0_demo_log,,finance_manager,synthetic,1,0,rate_not_on_0.5_percent_grid;rate_above_global_max_1.5_percent,SIMULATED_DEMONSTRATION_OFFER_HISTORY,0,"{""data_origin"":""SIMULATED_DEMONSTRATION_OFFER_HISTORY"",""ml_use_allowed"":0,""original_approver"":""analyst.unnati"",""original_approver_role"":""finance_manager"",""original_recommended_by"":""optimizer_v0_demo_log"",""policy_note"":""Historical/simulated demonstration offer. Not generated by the final production policy and must not be used for ML training or tuning.""}"
OFF-0117,900000990,6160-HCSFI,SUP-03,2013-12-12,2013-12-21,2014-01-03,70.57,1.07,0.76,69.81,13,accepted,2013-12-21,optimizer_v0_demo_log,,finance_manager,synthetic,1,0,rate_not_on_0.5_percent_grid,SIMULATED_DEMONSTRATION_OFFER_HISTORY,0,"{""data_origin"":""SIMULATED_DEMONSTRATION_OFFER_HISTORY"",""ml_use_allowed"":0,""original_approver"":""analyst.unnati"",""original_approver_role"":""finance_manager"",""original_recommended_by"":""optimizer_v0_demo_log"",""policy_note"":""Historical/simulated demonstration offer. Not generated by the final production policy and must not be used for ML training or tuning.""}"
OFF-0118,900000410,2824-HJQPP,SUP-04,2013-12-19,2013-12-26,2014-01-08,46.4,1.08,0.5,45.9,0,declined,2013-12-26,optimizer_v0_demo_log,,finance_manager,synthetic,1,0,rate_not_on_0.5_percent_grid,SIMULATED_DEMONSTRATION_OFFER_HISTORY,0,"{""data_origin"":""SIMULATED_DEMONSTRATION_OFFER_HISTORY"",""ml_use_allowed"":0,""original_approver"":""fm.priya"",""original_approver_role"":""finance_manager"",""original_recommended_by"":""optimizer_v0_demo_log"",""policy_note"":""Historical/simulated demonstration offer. Not generated by the final production policy and must not be used for ML training or tuning.""}"
OFF-0119,900000367,2687-XWAMA,SUP-04,2013-12-21,2013-12-31,2014-01-12,60.13,1.04,0.63,59.5,19,accepted,2013-12-24,optimizer_v0_demo_log,,finance_manager,synthetic,1,0,rate_not_on_0.5_percent_grid,SIMULATED_DEMONSTRATION_OFFER_HISTORY,0,"{""data_origin"":""SIMULATED_DEMONSTRATION_OFFER_HISTORY"",""ml_use_allowed"":0,""original_approver"":""fm.rahul"",""original_approver_role"":""finance_manager"",""original_recommended_by"":""optimizer_v0_demo_log"",""policy_note"":""Historical/simulated demonstration offer. Not generated by the final production policy and must not be used for ML training or tuning.""}"
OFF-0120,900001649,8976-AMJEO,SUP-01,2013-12-22,2013-12-30,2014-01-12,87.18,1.32,1.15,86.03,0,declined,2013-12-30,optimizer_v0_demo_log,,finance_manager,synthetic,1,0,rate_not_on_0.5_percent_grid,SIMULATED_DEMONSTRATION_OFFER_HISTORY,0,"{""data_origin"":""SIMULATED_DEMONSTRATION_OFFER_HISTORY"",""ml_use_allowed"":0,""original_approver"":""fm.priya"",""original_approver_role"":""finance_manager"",""original_recommended_by"":""optimizer_v0_demo_log"",""policy_note"":""Historical/simulated demonstration offer. Not generated by the final production policy and must not be used for ML training or tuning.""}"
OFF-0121,900002024,2391-FUWCT,SUP-01,2013-12-17,2013-12-25,2014-01-13,51.56,1.72,0.88,50.68,0,declined,2013-12-25,optimizer_v0_demo_log,,finance_manager,synthetic,1,0,rate_not_on_0.5_percent_grid;rate_above_global_max_1.5_percent,SIMULATED_DEMONSTRATION_OFFER_HISTORY,0,"{""data_origin"":""SIMULATED_DEMONSTRATION_OFFER_HISTORY"",""ml_use_allowed"":0,""original_approver"":""fm.rahul"",""original_approver_role"":""finance_manager"",""original_recommended_by"":""optimizer_v0_demo_log"",""policy_note"":""Historical/simulated demonstration offer. Not generated by the final production policy and must not be used for ML training or tuning.""}"
OFF-0123,900001512,8364-UWVLM,SUP-01,2013-12-27,2014-01-08,2014-01-17,59.35,1.37,0.81,58.54,0,declined,2014-01-08,optimizer_v0_demo_log,,finance_manager,synthetic,1,0,rate_not_on_0.5_percent_grid,SIMULATED_DEMONSTRATION_OFFER_HISTORY,0,"{""data_origin"":""SIMULATED_DEMONSTRATION_OFFER_HISTORY"",""ml_use_allowed"":0,""original_approver"":""fm.rahul"",""original_approver_role"":""finance_manager"",""original_recommended_by"":""optimizer_v0_demo_log"",""policy_note"":""Historical/simulated demonstration offer. Not generated by the final production policy and must not be used for ML training or tuning.""}"
OFF-0124,900001241,7245-CKNCN,SUP-04,2013-12-21,2013-12-29,2014-01-18,105.24,1.45,1.53,103.71,0,declined,2013-12-29,optimizer_v0_demo_log,,finance_manager,synthetic,1,0,rate_not_on_0.5_percent_grid,SIMULATED_DEMONSTRATION_OFFER_HISTORY,0,"{""data_origin"":""SIMULATED_DEMONSTRATION_OFFER_HISTORY"",""ml_use_allowed"":0,""original_approver"":""fm.priya"",""original_approver_role"":""finance_manager"",""original_recommended_by"":""optimizer_v0_demo_log"",""policy_note"":""Historical/simulated demonstration offer. Not generated by the final production policy and must not be used for ML training or tuning.""}"
OFF-0125,900001789,9212-BTDMX,SUP-01,2013-12-30,2014-01-08,2014-01-20,46.82,1.12,0.53,46.29,0,declined,2014-01-08,optimizer_v0_demo_log,,finance_manager,synthetic,1,0,rate_not_on_0.5_percent_grid,SIMULATED_DEMONSTRATION_OFFER_HISTORY,0,"{""data_origin"":""SIMULATED_DEMONSTRATION_OFFER_HISTORY"",""ml_use_allowed"":0,""original_approver"":""fm.rahul"",""original_approver_role"":""finance_manager"",""original_recommended_by"":""optimizer_v0_demo_log"",""policy_note"":""Historical/simulated demonstration offer. Not generated by the final production policy and must not be used for ML training or tuning.""}"
OFF-0126,900001489,8156-PCYBM,SUP-04,2013-12-24,2013-12-30,2014-01-20,72.8,1.94,1.41,71.39,0,declined,2013-12-30,optimizer_v0_demo_log,,finance_manager,synthetic,1,0,rate_not_on_0.5_percent_grid;rate_above_global_max_1.5_percent,SIMULATED_DEMONSTRATION_OFFER_HISTORY,0,"{""data_origin"":""SIMULATED_DEMONSTRATION_OFFER_HISTORY"",""ml_use_allowed"":0,""original_approver"":""analyst.unnati"",""original_approver_role"":""finance_manager"",""original_recommended_by"":""optimizer_v0_demo_log"",""policy_note"":""Historical/simulated demonstration offer. Not generated by the final production policy and must not be used for ML training or tuning.""}"
OFF-0127,900000480,3568-JJMFW,SUP-03,2013-12-29,2014-01-04,2014-01-20,82.59,1.15,0.95,81.64,0,declined,2014-01-04,optimizer_v0_demo_log,,finance_manager,synthetic,1,0,rate_not_on_0.5_percent_grid,SIMULATED_DEMONSTRATION_OFFER_HISTORY,0,"{""data_origin"":""SIMULATED_DEMONSTRATION_OFFER_HISTORY"",""ml_use_allowed"":0,""original_approver"":""analyst.unnati"",""original_approver_role"":""finance_manager"",""original_recommended_by"":""optimizer_v0_demo_log"",""policy_note"":""Historical/simulated demonstration offer. Not generated by the final production policy and must not be used for ML training or tuning.""}"
OFF-0128,900000867,5875-VZQCZ,SUP-03,2014-01-02,2014-01-07,2014-01-23,79.69,1.58,1.26,78.43,0,expired,2014-01-07,optimizer_v0_demo_log,,finance_manager,synthetic,1,0,rate_not_on_0.5_percent_grid;rate_above_global_max_1.5_percent,SIMULATED_DEMONSTRATION_OFFER_HISTORY,0,"{""data_origin"":""SIMULATED_DEMONSTRATION_OFFER_HISTORY"",""ml_use_allowed"":0,""original_approver"":""fm.priya"",""original_approver_role"":""finance_manager"",""original_recommended_by"":""optimizer_v0_demo_log"",""policy_note"":""Historical/simulated demonstration offer. Not generated by the final production policy and must not be used for ML training or tuning.""}"
OFF-0129,900000044,0465-DTULQ,SUP-01,2013-12-28,2014-01-03,2014-01-24,62.92,2.03,1.28,61.64,0,declined,2014-01-03,optimizer_v0_demo_log,,finance_manager,synthetic,1,0,rate_not_on_0.5_percent_grid;rate_above_global_max_1.5_percent,SIMULATED_DEMONSTRATION_OFFER_HISTORY,0,"{""data_origin"":""SIMULATED_DEMONSTRATION_OFFER_HISTORY"",""ml_use_allowed"":0,""original_approver"":""fm.rahul"",""original_approver_role"":""finance_manager"",""original_recommended_by"":""optimizer_v0_demo_log"",""policy_note"":""Historical/simulated demonstration offer. Not generated by the final production policy and must not be used for ML training or tuning.""}"
OFF-0130,900002505,7084-LDEKY,SUP-04,2014-01-03,2014-01-08,2014-01-31,52.66,2.03,1.07,51.59,0,declined,2014-01-08,optimizer_v0_demo_log,,finance_manager,synthetic,1,0,rate_not_on_0.5_percent_grid;rate_above_global_max_1.5_percent,SIMULATED_DEMONSTRATION_OFFER_HISTORY,0,"{""data_origin"":""SIMULATED_DEMONSTRATION_OFFER_HISTORY"",""ml_use_allowed"":0,""original_approver"":""analyst.unnati"",""original_approver_role"":""finance_manager"",""original_recommended_by"":""optimizer_v0_demo_log"",""policy_note"":""Historical/simulated demonstration offer. Not generated by the final production policy and must not be used for ML training or tuning.""}"
OFF-0131,900001384,7841-HROAQ,SUP-02,2014-01-12,2014-01-21,2014-02-02,88.28,1.41,1.24,87.04,0,expired,2014-01-21,optimizer_v0_demo_log,,finance_manager,synthetic,1,0,rate_not_on_0.5_percent_grid,SIMULATED_DEMONSTRATION_OFFER_HISTORY,0,"{""data_origin"":""SIMULATED_DEMONSTRATION_OFFER_HISTORY"",""ml_use_allowed"":0,""original_approver"":""fm.priya"",""original_approver_role"":""finance_manager"",""original_recommended_by"":""optimizer_v0_demo_log"",""policy_note"":""Historical/simulated demonstration offer. Not generated by the final production policy and must not be used for ML training or tuning.""}"
OFF-0132,900000447,3271-YDPUJ,SUP-02,2014-01-09,2014-01-16,2014-02-02,47.2,1.77,0.83,46.37,0,declined,2014-01-16,optimizer_v0_demo_log,,finance_manager,synthetic,1,0,rate_not_on_0.5_percent_grid;rate_above_global_max_1.5_percent,SIMULATED_DEMONSTRATION_OFFER_HISTORY,0,"{""data_origin"":""SIMULATED_DEMONSTRATION_OFFER_HISTORY"",""ml_use_allowed"":0,""original_approver"":""analyst.unnati"",""original_approver_role"":""finance_manager"",""original_recommended_by"":""optimizer_v0_demo_log"",""policy_note"":""Historical/simulated demonstration offer. Not generated by the final production policy and must not be used for ML training or tuning.""}"
OFF-0133,900000884,5920-DPXLN,SUP-03,2014-01-13,2014-01-25,2014-02-04,53.08,0.84,0.45,52.63,13,accepted,2014-01-22,optimizer_v0_demo_log,,finance_manager,synthetic,1,0,rate_not_on_0.5_percent_grid,SIMULATED_DEMONSTRATION_OFFER_HISTORY,0,"{""data_origin"":""SIMULATED_DEMONSTRATION_OFFER_HISTORY"",""ml_use_allowed"":0,""original_approver"":""fm.rahul"",""original_approver_role"":""finance_manager"",""original_recommended_by"":""optimizer_v0_demo_log"",""policy_note"":""Historical/simulated demonstration offer. Not generated by the final production policy and must not be used for ML training or tuning.""}"
OFF-0134,900001969,9841-XLGBV,SUP-03,2014-01-16,2014-01-27,2014-02-06,66.03,0.78,0.52,65.51,10,accepted,2014-01-27,optimizer_v0_demo_log,,finance_manager,synthetic,1,0,rate_not_on_0.5_percent_grid,SIMULATED_DEMONSTRATION_OFFER_HISTORY,0,"{""data_origin"":""SIMULATED_DEMONSTRATION_OFFER_HISTORY"",""ml_use_allowed"":0,""original_approver"":""analyst.unnati"",""original_approver_role"":""finance_manager"",""original_recommended_by"":""optimizer_v0_demo_log"",""policy_note"":""Historical/simulated demonstration offer. Not generated by the final production policy and must not be used for ML training or tuning.""}"
OFF-0135,900000545,3831-FXWYK,SUP-04,2014-01-18,2014-01-29,2014-02-12,48.61,1.95,0.95,47.66,0,expired,2014-01-29,optimizer_v0_demo_log,,finance_manager,synthetic,1,0,rate_not_on_0.5_percent_grid;rate_above_global_max_1.5_percent,SIMULATED_DEMONSTRATION_OFFER_HISTORY,0,"{""data_origin"":""SIMULATED_DEMONSTRATION_OFFER_HISTORY"",""ml_use_allowed"":0,""original_approver"":""fm.rahul"",""original_approver_role"":""finance_manager"",""original_recommended_by"":""optimizer_v0_demo_log"",""policy_note"":""Historical/simulated demonstration offer. Not generated by the final production policy and must not be used for ML training or tuning.""}"
OFF-0136,900000238,1604-LIFKX,SUP-02,2014-01-23,2014-02-01,2014-02-12,63.31,2.2,1.4,61.91,0,expired,2014-02-01,optimizer_v0_demo_log,,finance_manager,synthetic,1,0,rate_not_on_0.5_percent_grid;rate_above_global_max_1.5_percent,SIMULATED_DEMONSTRATION_OFFER_HISTORY,0,"{""data_origin"":""SIMULATED_DEMONSTRATION_OFFER_HISTORY"",""ml_use_allowed"":0,""original_approver"":""analyst.unnati"",""original_approver_role"":""finance_manager"",""original_recommended_by"":""optimizer_v0_demo_log"",""policy_note"":""Historical/simulated demonstration offer. Not generated by the final production policy and must not be used for ML training or tuning.""}"
OFF-0137,900000544,3831-FXWYK,SUP-04,2014-01-17,2014-01-24,2014-02-12,75.02,2.15,1.61,73.41,0,expired,2014-01-24,optimizer_v0_demo_log,,finance_manager,synthetic,1,0,rate_not_on_0.5_percent_grid;rate_above_global_max_1.5_percent,SIMULATED_DEMONSTRATION_OFFER_HISTORY,0,"{""data_origin"":""SIMULATED_DEMONSTRATION_OFFER_HISTORY"",""ml_use_allowed"":0,""original_approver"":""fm.priya"",""original_approver_role"":""finance_manager"",""original_recommended_by"":""optimizer_v0_demo_log"",""policy_note"":""Historical/simulated demonstration offer. Not generated by the final production policy and must not be used for ML training or tuning.""}"
OFF-0138,900000047,0465-DTULQ,SUP-01,2014-01-25,2014-02-03,2014-02-15,63.52,1.48,0.94,62.58,0,expired,2014-02-03,optimizer_v0_demo_log,,finance_manager,synthetic,1,0,rate_not_on_0.5_percent_grid,SIMULATED_DEMONSTRATION_OFFER_HISTORY,0,"{""data_origin"":""SIMULATED_DEMONSTRATION_OFFER_HISTORY"",""ml_use_allowed"":0,""original_approver"":""analyst.unnati"",""original_approver_role"":""finance_manager"",""original_recommended_by"":""optimizer_v0_demo_log"",""policy_note"":""Historical/simulated demonstration offer. Not generated by the final production policy and must not be used for ML training or tuning.""}"
OFF-0139,900000065,0625-TNJFG,SUP-01,2014-02-01,2014-02-07,2014-02-22,75.11,1.53,1.15,73.96,0,declined,2014-02-07,optimizer_v0_demo_log,,finance_manager,synthetic,1,0,rate_not_on_0.5_percent_grid;rate_above_global_max_1.5_percent,SIMULATED_DEMONSTRATION_OFFER_HISTORY,0,"{""data_origin"":""SIMULATED_DEMONSTRATION_OFFER_HISTORY"",""ml_use_allowed"":0,""original_approver"":""fm.priya"",""original_approver_role"":""finance_manager"",""original_recommended_by"":""optimizer_v0_demo_log"",""policy_note"":""Historical/simulated demonstration offer. Not generated by the final production policy and must not be used for ML training or tuning.""}"
OFF-0140,900000639,4640-FGEJI,SUP-03,2014-02-02,2014-02-13,2014-02-24,55.37,1.52,0.84,54.53,0,declined,2014-02-13,optimizer_v0_demo_log,,finance_manager,synthetic,1,0,rate_not_on_0.5_percent_grid;rate_above_global_max_1.5_percent,SIMULATED_DEMONSTRATION_OFFER_HISTORY,0,"{""data_origin"":""SIMULATED_DEMONSTRATION_OFFER_HISTORY"",""ml_use_allowed"":0,""original_approver"":""analyst.unnati"",""original_approver_role"":""finance_manager"",""original_recommended_by"":""optimizer_v0_demo_log"",""policy_note"":""Historical/simulated demonstration offer. Not generated by the final production policy and must not be used for ML training or tuning.""}"
OFF-0141,900000868,5875-VZQCZ,SUP-03,2014-01-30,2014-02-11,2014-02-26,72.13,1.59,1.15,70.98,0,declined,2014-02-11,optimizer_v0_demo_log,,finance_manager,synthetic,1,0,rate_not_on_0.5_percent_grid;rate_above_global_max_1.5_percent,SIMULATED_DEMONSTRATION_OFFER_HISTORY,0,"{""data_origin"":""SIMULATED_DEMONSTRATION_OFFER_HISTORY"",""ml_use_allowed"":0,""original_approver"":""fm.priya"",""original_approver_role"":""finance_manager"",""original_recommended_by"":""optimizer_v0_demo_log"",""policy_note"":""Historical/simulated demonstration offer. Not generated by the final production policy and must not be used for ML training or tuning.""}"
OFF-0142,900000807,5573-KSOIA,SUP-04,2014-02-06,2014-02-18,2014-02-26,78.08,1.85,1.44,76.64,0,declined,2014-02-18,optimizer_v0_demo_log,,finance_manager,synthetic,1,0,rate_not_on_0.5_percent_grid;rate_above_global_max_1.5_percent,SIMULATED_DEMONSTRATION_OFFER_HISTORY,0,"{""data_origin"":""SIMULATED_DEMONSTRATION_OFFER_HISTORY"",""ml_use_allowed"":0,""original_approver"":""fm.rahul"",""original_approver_role"":""finance_manager"",""original_recommended_by"":""optimizer_v0_demo_log"",""policy_note"":""Historical/simulated demonstration offer. Not generated by the final production policy and must not be used for ML training or tuning.""}"
OFF-0143,900001024,6177-VTITE,SUP-04,2014-02-06,2014-02-15,2014-02-27,57.29,1.22,0.7,56.59,17,accepted,2014-02-10,optimizer_v0_demo_log,,finance_manager,synthetic,1,0,rate_not_on_0.5_percent_grid,SIMULATED_DEMONSTRATION_OFFER_HISTORY,0,"{""data_origin"":""SIMULATED_DEMONSTRATION_OFFER_HISTORY"",""ml_use_allowed"":0,""original_approver"":""fm.rahul"",""original_approver_role"":""finance_manager"",""original_recommended_by"":""optimizer_v0_demo_log"",""policy_note"":""Historical/simulated demonstration offer. Not generated by the final production policy and must not be used for ML training or tuning.""}"
OFF-0144,900000607,4460-ZXNDN,SUP-03,2014-02-11,2014-02-20,2014-03-04,75.16,2.02,1.52,73.64,0,declined,2014-02-20,optimizer_v0_demo_log,,finance_manager,synthetic,1,0,rate_not_on_0.5_percent_grid;rate_above_global_max_1.5_percent,SIMULATED_DEMONSTRATION_OFFER_HISTORY,0,"{""data_origin"":""SIMULATED_DEMONSTRATION_OFFER_HISTORY"",""ml_use_allowed"":0,""original_approver"":""analyst.unnati"",""original_approver_role"":""finance_manager"",""original_recommended_by"":""optimizer_v0_demo_log"",""policy_note"":""Historical/simulated demonstration offer. Not generated by the final production policy and must not be used for ML training or tuning.""}"
OFF-0145,900001936,9758-AIEIK,SUP-04,2014-02-20,2014-02-28,2014-03-12,73.51,1.36,1.0,72.51,0,declined,2014-02-28,optimizer_v0_demo_log,,finance_manager,synthetic,1,0,rate_not_on_0.5_percent_grid,SIMULATED_DEMONSTRATION_OFFER_HISTORY,0,"{""data_origin"":""SIMULATED_DEMONSTRATION_OFFER_HISTORY"",""ml_use_allowed"":0,""original_approver"":""analyst.unnati"",""original_approver_role"":""finance_manager"",""original_recommended_by"":""optimizer_v0_demo_log"",""policy_note"":""Historical/simulated demonstration offer. Not generated by the final production policy and must not be used for ML training or tuning.""}"
OFF-0146,900000369,2687-XWAMA,SUP-02,2014-02-20,2014-03-03,2014-03-13,53.84,0.99,0.53,53.31,0,declined,2014-03-03,optimizer_v0_demo_log,,finance_manager,synthetic,1,0,rate_not_on_0.5_percent_grid,SIMULATED_DEMONSTRATION_OFFER_HISTORY,0,"{""data_origin"":""SIMULATED_DEMONSTRATION_OFFER_HISTORY"",""ml_use_allowed"":0,""original_approver"":""analyst.unnati"",""original_approver_role"":""finance_manager"",""original_recommended_by"":""optimizer_v0_demo_log"",""policy_note"":""Historical/simulated demonstration offer. Not generated by the final production policy and must not be used for ML training or tuning.""}"
OFF-0147,900000666,4651-PMEXQ,SUP-01,2014-02-18,2014-02-25,2014-03-14,81.94,1.51,1.24,80.7,0,declined,2014-02-25,optimizer_v0_demo_log,,finance_manager,synthetic,1,0,rate_not_on_0.5_percent_grid;rate_above_global_max_1.5_percent,SIMULATED_DEMONSTRATION_OFFER_HISTORY,0,"{""data_origin"":""SIMULATED_DEMONSTRATION_OFFER_HISTORY"",""ml_use_allowed"":0,""original_approver"":""fm.rahul"",""original_approver_role"":""finance_manager"",""original_recommended_by"":""optimizer_v0_demo_log"",""policy_note"":""Historical/simulated demonstration offer. Not generated by the final production policy and must not be used for ML training or tuning.""}"
OFF-0148,900001530,8389-TCXFQ,SUP-01,2014-02-24,2014-03-08,2014-03-19,83.61,1.46,1.22,82.39,14,accepted,2014-03-05,optimizer_v0_demo_log,,finance_manager,synthetic,1,0,rate_not_on_0.5_percent_grid,SIMULATED_DEMONSTRATION_OFFER_HISTORY,0,"{""data_origin"":""SIMULATED_DEMONSTRATION_OFFER_HISTORY"",""ml_use_allowed"":0,""original_approver"":""analyst.unnati"",""original_approver_role"":""finance_manager"",""original_recommended_by"":""optimizer_v0_demo_log"",""policy_note"":""Historical/simulated demonstration offer. Not generated by the final production policy and must not be used for ML training or tuning.""}"
OFF-0149,900000640,4640-FGEJI,SUP-03,2014-02-22,2014-03-05,2014-03-21,60.99,1.82,1.11,59.88,0,declined,2014-03-05,optimizer_v0_demo_log,,finance_manager,synthetic,1,0,rate_not_on_0.5_percent_grid;rate_above_global_max_1.5_percent,SIMULATED_DEMONSTRATION_OFFER_HISTORY,0,"{""data_origin"":""SIMULATED_DEMONSTRATION_OFFER_HISTORY"",""ml_use_allowed"":0,""original_approver"":""fm.rahul"",""original_approver_role"":""finance_manager"",""original_recommended_by"":""optimizer_v0_demo_log"",""policy_note"":""Historical/simulated demonstration offer. Not generated by the final production policy and must not be used for ML training or tuning.""}"
OFF-0150,900001113,6708-DPYTF,SUP-04,2014-02-27,2014-03-05,2014-03-23,91.42,2.1,1.92,89.5,0,expired,2014-03-05,optimizer_v0_demo_log,,finance_manager,synthetic,1,0,rate_not_on_0.5_percent_grid;rate_above_global_max_1.5_percent,SIMULATED_DEMONSTRATION_OFFER_HISTORY,0,"{""data_origin"":""SIMULATED_DEMONSTRATION_OFFER_HISTORY"",""ml_use_allowed"":0,""original_approver"":""fm.rahul"",""original_approver_role"":""finance_manager"",""original_recommended_by"":""optimizer_v0_demo_log"",""policy_note"":""Historical/simulated demonstration offer. Not generated by the final production policy and must not be used for ML training or tuning.""}"
OFF-0151,900000969,6077-FDQRK,SUP-02,2014-02-26,2014-03-06,2014-03-23,55.71,1.51,0.84,54.87,0,declined,2014-03-06,optimizer_v0_demo_log,,finance_manager,synthetic,1,0,rate_not_on_0.5_percent_grid;rate_above_global_max_1.5_percent,SIMULATED_DEMONSTRATION_OFFER_HISTORY,0,"{""data_origin"":""SIMULATED_DEMONSTRATION_OFFER_HISTORY"",""ml_use_allowed"":0,""original_approver"":""fm.rahul"",""original_approver_role"":""finance_manager"",""original_recommended_by"":""optimizer_v0_demo_log"",""policy_note"":""Historical/simulated demonstration offer. Not generated by the final production policy and must not be used for ML training or tuning.""}"
OFF-0152,900001866,9323-NDIOV,SUP-03,2014-02-25,2014-03-04,2014-03-25,66.93,2.18,1.46,65.47,0,declined,2014-03-04,optimizer_v0_demo_log,,finance_manager,synthetic,1,0,rate_not_on_0.5_percent_grid;rate_above_global_max_1.5_percent,SIMULATED_DEMONSTRATION_OFFER_HISTORY,0,"{""data_origin"":""SIMULATED_DEMONSTRATION_OFFER_HISTORY"",""ml_use_allowed"":0,""original_approver"":""fm.rahul"",""original_approver_role"":""finance_manager"",""original_recommended_by"":""optimizer_v0_demo_log"",""policy_note"":""Historical/simulated demonstration offer. Not generated by the final production policy and must not be used for ML training or tuning.""}"
OFF-0153,900001566,8690-EEBEO,SUP-03,2014-02-27,2014-03-10,2014-03-26,66.13,2.07,1.37,64.76,0,expired,2014-03-10,optimizer_v0_demo_log,,finance_manager,synthetic,1,0,rate_not_on_0.5_percent_grid;rate_above_global_max_1.5_percent,SIMULATED_DEMONSTRATION_OFFER_HISTORY,0,"{""data_origin"":""SIMULATED_DEMONSTRATION_OFFER_HISTORY"",""ml_use_allowed"":0,""original_approver"":""fm.priya"",""original_approver_role"":""finance_manager"",""original_recommended_by"":""optimizer_v0_demo_log"",""policy_note"":""Historical/simulated demonstration offer. Not generated by the final production policy and must not be used for ML training or tuning.""}"
OFF-0154,900000669,4651-PMEXQ,SUP-01,2014-03-10,2014-03-21,2014-04-01,90.13,1.23,1.11,89.02,0,declined,2014-03-21,optimizer_v0_demo_log,,finance_manager,synthetic,1,0,rate_not_on_0.5_percent_grid,SIMULATED_DEMONSTRATION_OFFER_HISTORY,0,"{""data_origin"":""SIMULATED_DEMONSTRATION_OFFER_HISTORY"",""ml_use_allowed"":0,""original_approver"":""fm.rahul"",""original_approver_role"":""finance_manager"",""original_recommended_by"":""optimizer_v0_demo_log"",""policy_note"":""Historical/simulated demonstration offer. Not generated by the final production policy and must not be used for ML training or tuning.""}"
OFF-0155,900000668,4651-PMEXQ,SUP-01,2014-03-11,2014-03-21,2014-04-02,68.95,1.13,0.78,68.17,0,declined,2014-03-21,optimizer_v0_demo_log,,finance_manager,synthetic,1,0,rate_not_on_0.5_percent_grid,SIMULATED_DEMONSTRATION_OFFER_HISTORY,0,"{""data_origin"":""SIMULATED_DEMONSTRATION_OFFER_HISTORY"",""ml_use_allowed"":0,""original_approver"":""analyst.unnati"",""original_approver_role"":""finance_manager"",""original_recommended_by"":""optimizer_v0_demo_log"",""policy_note"":""Historical/simulated demonstration offer. Not generated by the final production policy and must not be used for ML training or tuning.""}"
OFF-0156,900001567,8690-EEBEO,SUP-03,2014-03-12,2014-03-20,2014-04-04,63.2,1.92,1.21,61.99,0,expired,2014-03-20,optimizer_v0_demo_log,,finance_manager,synthetic,1,0,rate_not_on_0.5_percent_grid;rate_above_global_max_1.5_percent,SIMULATED_DEMONSTRATION_OFFER_HISTORY,0,"{""data_origin"":""SIMULATED_DEMONSTRATION_OFFER_HISTORY"",""ml_use_allowed"":0,""original_approver"":""analyst.unnati"",""original_approver_role"":""finance_manager"",""original_recommended_by"":""optimizer_v0_demo_log"",""policy_note"":""Historical/simulated demonstration offer. Not generated by the final production policy and must not be used for ML training or tuning.""}"
OFF-0157,900001895,9460-VAZGD,SUP-02,2014-03-16,2014-03-24,2014-04-09,53.16,1.31,0.7,52.46,0,declined,2014-03-24,optimizer_v0_demo_log,,finance_manager,synthetic,1,0,rate_not_on_0.5_percent_grid,SIMULATED_DEMONSTRATION_OFFER_HISTORY,0,"{""data_origin"":""SIMULATED_DEMONSTRATION_OFFER_HISTORY"",""ml_use_allowed"":0,""original_approver"":""fm.rahul"",""original_approver_role"":""finance_manager"",""original_recommended_by"":""optimizer_v0_demo_log"",""policy_note"":""Historical/simulated demonstration offer. Not generated by the final production policy and must not be used for ML training or tuning.""}"
OFF-0158,900000700,5164-VMYWJ,SUP-02,2014-03-20,2014-03-30,2014-04-10,64.85,1.22,0.79,64.06,0,declined,2014-03-30,optimizer_v0_demo_log,,finance_manager,synthetic,1,0,rate_not_on_0.5_percent_grid,SIMULATED_DEMONSTRATION_OFFER_HISTORY,0,"{""data_origin"":""SIMULATED_DEMONSTRATION_OFFER_HISTORY"",""ml_use_allowed"":0,""original_approver"":""fm.rahul"",""original_approver_role"":""finance_manager"",""original_recommended_by"":""optimizer_v0_demo_log"",""policy_note"":""Historical/simulated demonstration offer. Not generated by the final production policy and must not be used for ML training or tuning.""}"
OFF-0159,900002262,8112-QSKBW,SUP-02,2014-03-14,2014-03-25,2014-04-10,83.92,1.16,0.98,82.94,0,declined,2014-03-25,optimizer_v0_demo_log,,finance_manager,synthetic,1,0,rate_not_on_0.5_percent_grid,SIMULATED_DEMONSTRATION_OFFER_HISTORY,0,"{""data_origin"":""SIMULATED_DEMONSTRATION_OFFER_HISTORY"",""ml_use_allowed"":0,""original_approver"":""analyst.unnati"",""original_approver_role"":""finance_manager"",""original_recommended_by"":""optimizer_v0_demo_log"",""policy_note"":""Historical/simulated demonstration offer. Not generated by the final production policy and must not be used for ML training or tuning.""}"
OFF-0160,900001259,7260-ZHAKS,SUP-01,2014-03-25,2014-04-01,2014-04-16,70.74,1.32,0.93,69.81,0,declined,2014-04-01,optimizer_v0_demo_log,,finance_manager,synthetic,1,0,rate_not_on_0.5_percent_grid,SIMULATED_DEMONSTRATION_OFFER_HISTORY,0,"{""data_origin"":""SIMULATED_DEMONSTRATION_OFFER_HISTORY"",""ml_use_allowed"":0,""original_approver"":""fm.rahul"",""original_approver_role"":""finance_manager"",""original_recommended_by"":""optimizer_v0_demo_log"",""policy_note"":""Historical/simulated demonstration offer. Not generated by the final production policy and must not be used for ML training or tuning.""}"
OFF-0161,900001708,9149-MATVB,SUP-03,2014-03-27,2014-04-03,2014-04-16,56.2,1.41,0.79,55.41,0,declined,2014-04-03,optimizer_v0_demo_log,,finance_manager,synthetic,1,0,rate_not_on_0.5_percent_grid,SIMULATED_DEMONSTRATION_OFFER_HISTORY,0,"{""data_origin"":""SIMULATED_DEMONSTRATION_OFFER_HISTORY"",""ml_use_allowed"":0,""original_approver"":""fm.priya"",""original_approver_role"":""finance_manager"",""original_recommended_by"":""optimizer_v0_demo_log"",""policy_note"":""Historical/simulated demonstration offer. Not generated by the final production policy and must not be used for ML training or tuning.""}"
OFF-0162,900000994,6160-HCSFI,SUP-03,2014-03-27,2014-04-02,2014-04-17,92.59,1.46,1.35,91.24,0,expired,2014-04-02,optimizer_v0_demo_log,,finance_manager,synthetic,1,0,rate_not_on_0.5_percent_grid,SIMULATED_DEMONSTRATION_OFFER_HISTORY,0,"{""data_origin"":""SIMULATED_DEMONSTRATION_OFFER_HISTORY"",""ml_use_allowed"":0,""original_approver"":""fm.priya"",""original_approver_role"":""finance_manager"",""original_recommended_by"":""optimizer_v0_demo_log"",""policy_note"":""Historical/simulated demonstration offer. Not generated by the final production policy and must not be used for ML training or tuning.""}"
OFF-0163,900001260,7260-ZHAKS,SUP-01,2014-03-25,2014-04-01,2014-04-20,54.77,1.55,0.85,53.92,0,declined,2014-04-01,optimizer_v0_demo_log,,finance_manager,synthetic,1,0,rate_not_on_0.5_percent_grid;rate_above_global_max_1.5_percent,SIMULATED_DEMONSTRATION_OFFER_HISTORY,0,"{""data_origin"":""SIMULATED_DEMONSTRATION_OFFER_HISTORY"",""ml_use_allowed"":0,""original_approver"":""analyst.unnati"",""original_approver_role"":""finance_manager"",""original_recommended_by"":""optimizer_v0_demo_log"",""policy_note"":""Historical/simulated demonstration offer. Not generated by the final production policy and must not be used for ML training or tuning.""}"
OFF-0164,900002184,8546-DGDDF,SUP-02,2014-03-31,2014-04-07,2014-04-22,65.31,1.79,1.17,64.14,0,expired,2014-04-07,optimizer_v0_demo_log,,finance_manager,synthetic,1,0,rate_not_on_0.5_percent_grid;rate_above_global_max_1.5_percent,SIMULATED_DEMONSTRATION_OFFER_HISTORY,0,"{""data_origin"":""SIMULATED_DEMONSTRATION_OFFER_HISTORY"",""ml_use_allowed"":0,""original_approver"":""fm.rahul"",""original_approver_role"":""finance_manager"",""original_recommended_by"":""optimizer_v0_demo_log"",""policy_note"":""Historical/simulated demonstration offer. Not generated by the final production policy and must not be used for ML training or tuning.""}"
OFF-0165,900000871,5875-VZQCZ,SUP-03,2014-03-27,2014-04-02,2014-04-23,74.74,1.85,1.39,73.35,0,declined,2014-04-02,optimizer_v0_demo_log,,finance_manager,synthetic,1,0,rate_not_on_0.5_percent_grid;rate_above_global_max_1.5_percent,SIMULATED_DEMONSTRATION_OFFER_HISTORY,0,"{""data_origin"":""SIMULATED_DEMONSTRATION_OFFER_HISTORY"",""ml_use_allowed"":0,""original_approver"":""fm.priya"",""original_approver_role"":""finance_manager"",""original_recommended_by"":""optimizer_v0_demo_log"",""policy_note"":""Historical/simulated demonstration offer. Not generated by the final production policy and must not be used for ML training or tuning.""}"
OFF-0167,900000289,2125-HJDLA,SUP-01,2014-04-10,2014-04-18,2014-05-03,48.52,2.01,0.97,47.55,0,declined,2014-04-18,optimizer_v0_demo_log,,finance_manager,synthetic,1,0,rate_not_on_0.5_percent_grid;rate_above_global_max_1.5_percent,SIMULATED_DEMONSTRATION_OFFER_HISTORY,0,"{""data_origin"":""SIMULATED_DEMONSTRATION_OFFER_HISTORY"",""ml_use_allowed"":0,""original_approver"":""fm.priya"",""original_approver_role"":""finance_manager"",""original_recommended_by"":""optimizer_v0_demo_log"",""policy_note"":""Historical/simulated demonstration offer. Not generated by the final production policy and must not be used for ML training or tuning.""}"
OFF-0168,900002286,3173-CCTYU,SUP-03,2014-04-16,2014-04-26,2014-05-07,53.54,1.26,0.67,52.87,0,declined,2014-04-26,optimizer_v0_demo_log,,finance_manager,synthetic,1,0,rate_not_on_0.5_percent_grid,SIMULATED_DEMONSTRATION_OFFER_HISTORY,0,"{""data_origin"":""SIMULATED_DEMONSTRATION_OFFER_HISTORY"",""ml_use_allowed"":0,""original_approver"":""analyst.unnati"",""original_approver_role"":""finance_manager"",""original_recommended_by"":""optimizer_v0_demo_log"",""policy_note"":""Historical/simulated demonstration offer. Not generated by the final production policy and must not be used for ML training or tuning.""}"
OFF-0169,900001713,9149-MATVB,SUP-01,2014-04-13,2014-04-23,2014-05-11,57.04,1.6,0.91,56.13,0,expired,2014-04-23,optimizer_v0_demo_log,,finance_manager,synthetic,1,0,rate_not_on_0.5_percent_grid;rate_above_global_max_1.5_percent,SIMULATED_DEMONSTRATION_OFFER_HISTORY,0,"{""data_origin"":""SIMULATED_DEMONSTRATION_OFFER_HISTORY"",""ml_use_allowed"":0,""original_approver"":""fm.rahul"",""original_approver_role"":""finance_manager"",""original_recommended_by"":""optimizer_v0_demo_log"",""policy_note"":""Historical/simulated demonstration offer. Not generated by the final production policy and must not be used for ML training or tuning.""}"
OFF-0170,900001817,9250-VHLWY,SUP-02,2014-04-22,2014-04-27,2014-05-12,59.01,1.32,0.78,58.23,0,declined,2014-04-27,optimizer_v0_demo_log,,finance_manager,synthetic,1,0,rate_not_on_0.5_percent_grid,SIMULATED_DEMONSTRATION_OFFER_HISTORY,0,"{""data_origin"":""SIMULATED_DEMONSTRATION_OFFER_HISTORY"",""ml_use_allowed"":0,""original_approver"":""analyst.unnati"",""original_approver_role"":""finance_manager"",""original_recommended_by"":""optimizer_v0_demo_log"",""policy_note"":""Historical/simulated demonstration offer. Not generated by the final production policy and must not be used for ML training or tuning.""}"
OFF-0171,900000999,6160-HCSFI,SUP-03,2014-04-19,2014-04-30,2014-05-13,86.69,0.87,0.75,85.94,0,declined,2014-04-30,optimizer_v0_demo_log,,finance_manager,synthetic,1,0,rate_not_on_0.5_percent_grid,SIMULATED_DEMONSTRATION_OFFER_HISTORY,0,"{""data_origin"":""SIMULATED_DEMONSTRATION_OFFER_HISTORY"",""ml_use_allowed"":0,""original_approver"":""analyst.unnati"",""original_approver_role"":""finance_manager"",""original_recommended_by"":""optimizer_v0_demo_log"",""policy_note"":""Historical/simulated demonstration offer. Not generated by the final production policy and must not be used for ML training or tuning.""}"
OFF-0172,900001193,7209-MDWKR,SUP-01,2014-04-21,2014-05-01,2014-05-14,57.85,1.74,1.0,56.85,0,declined,2014-05-01,optimizer_v0_demo_log,,finance_manager,synthetic,1,0,rate_not_on_0.5_percent_grid;rate_above_global_max_1.5_percent,SIMULATED_DEMONSTRATION_OFFER_HISTORY,0,"{""data_origin"":""SIMULATED_DEMONSTRATION_OFFER_HISTORY"",""ml_use_allowed"":0,""original_approver"":""fm.rahul"",""original_approver_role"":""finance_manager"",""original_recommended_by"":""optimizer_v0_demo_log"",""policy_note"":""Historical/simulated demonstration offer. Not generated by the final production policy and must not be used for ML training or tuning.""}"
OFF-0173,900001586,8820-BLYDZ,SUP-02,2014-04-17,2014-04-27,2014-05-15,74.84,1.45,1.09,73.75,24,accepted,2014-04-21,optimizer_v0_demo_log,,finance_manager,synthetic,1,0,rate_not_on_0.5_percent_grid,SIMULATED_DEMONSTRATION_OFFER_HISTORY,0,"{""data_origin"":""SIMULATED_DEMONSTRATION_OFFER_HISTORY"",""ml_use_allowed"":0,""original_approver"":""fm.priya"",""original_approver_role"":""finance_manager"",""original_recommended_by"":""optimizer_v0_demo_log"",""policy_note"":""Historical/simulated demonstration offer. Not generated by the final production policy and must not be used for ML training or tuning.""}"
OFF-0174,900001368,7758-WKLVM,SUP-03,2014-04-25,2014-04-30,2014-05-17,60.0,2.58,1.55,58.45,0,expired,2014-04-30,optimizer_v0_demo_log,,finance_manager,synthetic,1,0,rate_not_on_0.5_percent_grid;rate_above_global_max_1.5_percent,SIMULATED_DEMONSTRATION_OFFER_HISTORY,0,"{""data_origin"":""SIMULATED_DEMONSTRATION_OFFER_HISTORY"",""ml_use_allowed"":0,""original_approver"":""fm.rahul"",""original_approver_role"":""finance_manager"",""original_recommended_by"":""optimizer_v0_demo_log"",""policy_note"":""Historical/simulated demonstration offer. Not generated by the final production policy and must not be used for ML training or tuning.""}"
OFF-0175,900000734,5196-TWQXF,SUP-02,2014-04-21,2014-04-26,2014-05-18,50.47,1.81,0.92,49.55,0,declined,2014-04-26,optimizer_v0_demo_log,,finance_manager,synthetic,1,0,rate_not_on_0.5_percent_grid;rate_above_global_max_1.5_percent,SIMULATED_DEMONSTRATION_OFFER_HISTORY,0,"{""data_origin"":""SIMULATED_DEMONSTRATION_OFFER_HISTORY"",""ml_use_allowed"":0,""original_approver"":""fm.priya"",""original_approver_role"":""finance_manager"",""original_recommended_by"":""optimizer_v0_demo_log"",""policy_note"":""Historical/simulated demonstration offer. Not generated by the final production policy and must not be used for ML training or tuning.""}"
OFF-0176,900000267,2026-XLBER,SUP-04,2014-05-01,2014-05-07,2014-05-21,73.94,1.27,0.94,73.0,15,accepted,2014-05-06,optimizer_v0_demo_log,,finance_manager,synthetic,1,0,rate_not_on_0.5_percent_grid,SIMULATED_DEMONSTRATION_OFFER_HISTORY,0,"{""data_origin"":""SIMULATED_DEMONSTRATION_OFFER_HISTORY"",""ml_use_allowed"":0,""original_approver"":""fm.priya"",""original_approver_role"":""finance_manager"",""original_recommended_by"":""optimizer_v0_demo_log"",""policy_note"":""Historical/simulated demonstration offer. Not generated by the final production policy and must not be used for ML training or tuning.""}"
OFF-0177,900000888,5920-DPXLN,SUP-03,2014-04-29,2014-05-05,2014-05-22,77.73,1.32,1.03,76.7,0,declined,2014-05-05,optimizer_v0_demo_log,,finance_manager,synthetic,1,0,rate_not_on_0.5_percent_grid,SIMULATED_DEMONSTRATION_OFFER_HISTORY,0,"{""data_origin"":""SIMULATED_DEMONSTRATION_OFFER_HISTORY"",""ml_use_allowed"":0,""original_approver"":""fm.priya"",""original_approver_role"":""finance_manager"",""original_recommended_by"":""optimizer_v0_demo_log"",""policy_note"":""Historical/simulated demonstration offer. Not generated by the final production policy and must not be used for ML training or tuning.""}"
OFF-0178,900000353,2676-DZINU,SUP-04,2014-04-29,2014-05-09,2014-05-24,64.05,1.09,0.7,63.35,15,accepted,2014-05-09,optimizer_v0_demo_log,,finance_manager,synthetic,1,0,rate_not_on_0.5_percent_grid,SIMULATED_DEMONSTRATION_OFFER_HISTORY,0,"{""data_origin"":""SIMULATED_DEMONSTRATION_OFFER_HISTORY"",""ml_use_allowed"":0,""original_approver"":""fm.priya"",""original_approver_role"":""finance_manager"",""original_recommended_by"":""optimizer_v0_demo_log"",""policy_note"":""Historical/simulated demonstration offer. Not generated by the final production policy and must not be used for ML training or tuning.""}"
OFF-0179,900000336,2621-XCLEH,SUP-01,2014-04-29,2014-05-11,2014-05-25,54.28,2.11,1.15,53.13,0,expired,2014-05-11,optimizer_v0_demo_log,,finance_manager,synthetic,1,0,rate_not_on_0.5_percent_grid;rate_above_global_max_1.5_percent,SIMULATED_DEMONSTRATION_OFFER_HISTORY,0,"{""data_origin"":""SIMULATED_DEMONSTRATION_OFFER_HISTORY"",""ml_use_allowed"":0,""original_approver"":""analyst.unnati"",""original_approver_role"":""finance_manager"",""original_recommended_by"":""optimizer_v0_demo_log"",""policy_note"":""Historical/simulated demonstration offer. Not generated by the final production policy and must not be used for ML training or tuning.""}"
OFF-0180,900001871,9323-NDIOV,SUP-03,2014-05-01,2014-05-11,2014-05-27,49.42,1.74,0.86,48.56,0,declined,2014-05-11,optimizer_v0_demo_log,,finance_manager,synthetic,1,0,rate_not_on_0.5_percent_grid;rate_above_global_max_1.5_percent,SIMULATED_DEMONSTRATION_OFFER_HISTORY,0,"{""data_origin"":""SIMULATED_DEMONSTRATION_OFFER_HISTORY"",""ml_use_allowed"":0,""original_approver"":""fm.priya"",""original_approver_role"":""finance_manager"",""original_recommended_by"":""optimizer_v0_demo_log"",""policy_note"":""Historical/simulated demonstration offer. Not generated by the final production policy and must not be used for ML training or tuning.""}"
OFF-0181,900001669,9014-WENVB,SUP-04,2014-05-01,2014-05-07,2014-05-28,61.07,1.97,1.2,59.87,0,expired,2014-05-07,optimizer_v0_demo_log,,finance_manager,synthetic,1,0,rate_not_on_0.5_percent_grid;rate_above_global_max_1.5_percent,SIMULATED_DEMONSTRATION_OFFER_HISTORY,0,"{""data_origin"":""SIMULATED_DEMONSTRATION_OFFER_HISTORY"",""ml_use_allowed"":0,""original_approver"":""analyst.unnati"",""original_approver_role"":""finance_manager"",""original_recommended_by"":""optimizer_v0_demo_log"",""policy_note"":""Historical/simulated demonstration offer. Not generated by the final production policy and must not be used for ML training or tuning.""}"
OFF-0182,900000549,3831-FXWYK,SUP-04,2014-05-09,2014-05-20,2014-06-03,61.03,1.72,1.05,59.98,0,expired,2014-05-20,optimizer_v0_demo_log,,finance_manager,synthetic,1,0,rate_not_on_0.5_percent_grid;rate_above_global_max_1.5_percent,SIMULATED_DEMONSTRATION_OFFER_HISTORY,0,"{""data_origin"":""SIMULATED_DEMONSTRATION_OFFER_HISTORY"",""ml_use_allowed"":0,""original_approver"":""analyst.unnati"",""original_approver_role"":""finance_manager"",""original_recommended_by"":""optimizer_v0_demo_log"",""policy_note"":""Historical/simulated demonstration offer. Not generated by the final production policy and must not be used for ML training or tuning.""}"
OFF-0183,900002379,7989-POVCU,SUP-01,2014-05-16,2014-05-26,2014-06-07,50.53,1.53,0.78,49.75,0,expired,2014-05-26,optimizer_v0_demo_log,,finance_manager,synthetic,1,0,rate_not_on_0.5_percent_grid;rate_above_global_max_1.5_percent,SIMULATED_DEMONSTRATION_OFFER_HISTORY,0,"{""data_origin"":""SIMULATED_DEMONSTRATION_OFFER_HISTORY"",""ml_use_allowed"":0,""original_approver"":""fm.rahul"",""original_approver_role"":""finance_manager"",""original_recommended_by"":""optimizer_v0_demo_log"",""policy_note"":""Historical/simulated demonstration offer. Not generated by the final production policy and must not be used for ML training or tuning.""}"
OFF-0184,900000021,0379-NEVHP,SUP-04,2014-05-22,2014-06-02,2014-06-13,54.74,0.98,0.54,54.2,0,declined,2014-06-02,optimizer_v0_demo_log,,finance_manager,synthetic,1,0,rate_not_on_0.5_percent_grid,SIMULATED_DEMONSTRATION_OFFER_HISTORY,0,"{""data_origin"":""SIMULATED_DEMONSTRATION_OFFER_HISTORY"",""ml_use_allowed"":0,""original_approver"":""analyst.unnati"",""original_approver_role"":""finance_manager"",""original_recommended_by"":""optimizer_v0_demo_log"",""policy_note"":""Historical/simulated demonstration offer. Not generated by the final production policy and must not be used for ML training or tuning.""}"
OFF-0185,900001796,9212-BTDMX,SUP-01,2014-05-24,2014-05-29,2014-06-16,54.09,1.14,0.62,53.47,0,declined,2014-05-29,optimizer_v0_demo_log,,finance_manager,synthetic,1,0,rate_not_on_0.5_percent_grid,SIMULATED_DEMONSTRATION_OFFER_HISTORY,0,"{""data_origin"":""SIMULATED_DEMONSTRATION_OFFER_HISTORY"",""ml_use_allowed"":0,""original_approver"":""fm.rahul"",""original_approver_role"":""finance_manager"",""original_recommended_by"":""optimizer_v0_demo_log"",""policy_note"":""Historical/simulated demonstration offer. Not generated by the final production policy and must not be used for ML training or tuning.""}"
OFF-0186,900000244,1604-LIFKX,SUP-02,2014-05-25,2014-06-01,2014-06-16,52.9,2.54,1.34,51.56,0,expired,2014-06-01,optimizer_v0_demo_log,,finance_manager,synthetic,1,0,rate_not_on_0.5_percent_grid;rate_above_global_max_1.5_percent,SIMULATED_DEMONSTRATION_OFFER_HISTORY,0,"{""data_origin"":""SIMULATED_DEMONSTRATION_OFFER_HISTORY"",""ml_use_allowed"":0,""original_approver"":""fm.rahul"",""original_approver_role"":""finance_manager"",""original_recommended_by"":""optimizer_v0_demo_log"",""policy_note"":""Historical/simulated demonstration offer. Not generated by the final production policy and must not be used for ML training or tuning.""}"
OFF-0187,900000304,2423-QOKIO,SUP-02,2014-06-03,2014-06-09,2014-06-25,76.81,1.41,1.08,75.73,0,declined,2014-06-09,optimizer_v0_demo_log,,finance_manager,synthetic,1,0,rate_not_on_0.5_percent_grid,SIMULATED_DEMONSTRATION_OFFER_HISTORY,0,"{""data_origin"":""SIMULATED_DEMONSTRATION_OFFER_HISTORY"",""ml_use_allowed"":0,""original_approver"":""fm.priya"",""original_approver_role"":""finance_manager"",""original_recommended_by"":""optimizer_v0_demo_log"",""policy_note"":""Historical/simulated demonstration offer. Not generated by the final production policy and must not be used for ML training or tuning.""}"
OFF-0188,900001456,7946-HJDUR,SUP-01,2014-06-05,2014-06-13,2014-06-27,47.94,1.32,0.63,47.31,0,declined,2014-06-13,optimizer_v0_demo_log,,finance_manager,synthetic,1,0,rate_not_on_0.5_percent_grid,SIMULATED_DEMONSTRATION_OFFER_HISTORY,0,"{""data_origin"":""SIMULATED_DEMONSTRATION_OFFER_HISTORY"",""ml_use_allowed"":0,""original_approver"":""fm.priya"",""original_approver_role"":""finance_manager"",""original_recommended_by"":""optimizer_v0_demo_log"",""policy_note"":""Historical/simulated demonstration offer. Not generated by the final production policy and must not be used for ML training or tuning.""}"
OFF-0189,900000737,5196-TWQXF,SUP-04,2014-06-06,2014-06-16,2014-06-30,60.48,1.41,0.85,59.63,14,accepted,2014-06-16,optimizer_v0_demo_log,,finance_manager,synthetic,1,0,rate_not_on_0.5_percent_grid,SIMULATED_DEMONSTRATION_OFFER_HISTORY,0,"{""data_origin"":""SIMULATED_DEMONSTRATION_OFFER_HISTORY"",""ml_use_allowed"":0,""original_approver"":""analyst.unnati"",""original_approver_role"":""finance_manager"",""original_recommended_by"":""optimizer_v0_demo_log"",""policy_note"":""Historical/simulated demonstration offer. Not generated by the final production policy and must not be used for ML training or tuning.""}"
OFF-0190,900002311,8725-ITSZH,SUP-02,2014-06-06,2014-06-13,2014-07-01,60.86,1.4,0.85,60.01,0,declined,2014-06-13,optimizer_v0_demo_log,,finance_manager,synthetic,1,0,rate_not_on_0.5_percent_grid,SIMULATED_DEMONSTRATION_OFFER_HISTORY,0,"{""data_origin"":""SIMULATED_DEMONSTRATION_OFFER_HISTORY"",""ml_use_allowed"":0,""original_approver"":""analyst.unnati"",""original_approver_role"":""finance_manager"",""original_recommended_by"":""optimizer_v0_demo_log"",""policy_note"":""Historical/simulated demonstration offer. Not generated by the final production policy and must not be used for ML training or tuning.""}"
OFF-0191,900001179,7050-KQLDO,SUP-01,2014-06-08,2014-06-14,2014-07-02,70.1,1.67,1.17,68.93,0,declined,2014-06-14,optimizer_v0_demo_log,,finance_manager,synthetic,1,0,rate_not_on_0.5_percent_grid;rate_above_global_max_1.5_percent,SIMULATED_DEMONSTRATION_OFFER_HISTORY,0,"{""data_origin"":""SIMULATED_DEMONSTRATION_OFFER_HISTORY"",""ml_use_allowed"":0,""original_approver"":""analyst.unnati"",""original_approver_role"":""finance_manager"",""original_recommended_by"":""optimizer_v0_demo_log"",""policy_note"":""Historical/simulated demonstration offer. Not generated by the final production policy and must not be used for ML training or tuning.""}"
OFF-0192,900002142,8991-YPLDT,SUP-04,2014-06-13,2014-06-20,2014-07-05,48.65,2.13,1.04,47.61,0,declined,2014-06-20,optimizer_v0_demo_log,,finance_manager,synthetic,1,0,rate_not_on_0.5_percent_grid;rate_above_global_max_1.5_percent,SIMULATED_DEMONSTRATION_OFFER_HISTORY,0,"{""data_origin"":""SIMULATED_DEMONSTRATION_OFFER_HISTORY"",""ml_use_allowed"":0,""original_approver"":""fm.rahul"",""original_approver_role"":""finance_manager"",""original_recommended_by"":""optimizer_v0_demo_log"",""policy_note"":""Historical/simulated demonstration offer. Not generated by the final production policy and must not be used for ML training or tuning.""}"
OFF-0193,900001078,6627-ELFBK,SUP-04,2014-06-10,2014-06-22,2014-07-06,53.96,1.58,0.85,53.11,19,accepted,2014-06-17,optimizer_v0_demo_log,,finance_manager,synthetic,1,0,rate_not_on_0.5_percent_grid;rate_above_global_max_1.5_percent,SIMULATED_DEMONSTRATION_OFFER_HISTORY,0,"{""data_origin"":""SIMULATED_DEMONSTRATION_OFFER_HISTORY"",""ml_use_allowed"":0,""original_approver"":""fm.priya"",""original_approver_role"":""finance_manager"",""original_recommended_by"":""optimizer_v0_demo_log"",""policy_note"":""Historical/simulated demonstration offer. Not generated by the final production policy and must not be used for ML training or tuning.""}"
OFF-0194,900000739,5196-TWQXF,SUP-02,2014-06-17,2014-06-23,2014-07-07,68.99,1.37,0.94,68.05,0,declined,2014-06-23,optimizer_v0_demo_log,,finance_manager,synthetic,1,0,rate_not_on_0.5_percent_grid,SIMULATED_DEMONSTRATION_OFFER_HISTORY,0,"{""data_origin"":""SIMULATED_DEMONSTRATION_OFFER_HISTORY"",""ml_use_allowed"":0,""original_approver"":""fm.rahul"",""original_approver_role"":""finance_manager"",""original_recommended_by"":""optimizer_v0_demo_log"",""policy_note"":""Historical/simulated demonstration offer. Not generated by the final production policy and must not be used for ML training or tuning.""}"
OFF-0195,900001196,7209-MDWKR,SUP-01,2014-06-18,2014-06-27,2014-07-08,65.47,1.5,0.98,64.49,0,declined,2014-06-27,optimizer_v0_demo_log,,finance_manager,synthetic,1,1,,SIMULATED_DEMONSTRATION_OFFER_HISTORY,0,"{""data_origin"":""SIMULATED_DEMONSTRATION_OFFER_HISTORY"",""ml_use_allowed"":0,""original_approver"":""analyst.unnati"",""original_approver_role"":""finance_manager"",""original_recommended_by"":""optimizer_v0_demo_log"",""policy_note"":""Historical/simulated demonstration offer. Not generated by the final production policy and must not be used for ML training or tuning.""}"
OFF-0196,900002113,1481-LVYLA,SUP-03,2014-06-13,2014-06-20,2014-07-10,80.14,1.4,1.12,79.02,0,declined,2014-06-20,optimizer_v0_demo_log,,finance_manager,synthetic,1,0,rate_not_on_0.5_percent_grid,SIMULATED_DEMONSTRATION_OFFER_HISTORY,0,"{""data_origin"":""SIMULATED_DEMONSTRATION_OFFER_HISTORY"",""ml_use_allowed"":0,""original_approver"":""fm.rahul"",""original_approver_role"":""finance_manager"",""original_recommended_by"":""optimizer_v0_demo_log"",""policy_note"":""Historical/simulated demonstration offer. Not generated by the final production policy and must not be used for ML training or tuning.""}"
OFF-0197,900002313,8725-ITSZH,SUP-02,2014-06-18,2014-06-29,2014-07-13,79.12,1.31,1.04,78.08,0,expired,2014-06-29,optimizer_v0_demo_log,,finance_manager,synthetic,1,0,rate_not_on_0.5_percent_grid,SIMULATED_DEMONSTRATION_OFFER_HISTORY,0,"{""data_origin"":""SIMULATED_DEMONSTRATION_OFFER_HISTORY"",""ml_use_allowed"":0,""original_approver"":""analyst.unnati"",""original_approver_role"":""finance_manager"",""original_recommended_by"":""optimizer_v0_demo_log"",""policy_note"":""Historical/simulated demonstration offer. Not generated by the final production policy and must not be used for ML training or tuning.""}"
OFF-0198,900000269,2026-XLBER,SUP-04,2014-06-21,2014-06-26,2014-07-16,74.92,1.73,1.3,73.62,0,declined,2014-06-26,optimizer_v0_demo_log,,finance_manager,synthetic,1,0,rate_not_on_0.5_percent_grid;rate_above_global_max_1.5_percent,SIMULATED_DEMONSTRATION_OFFER_HISTORY,0,"{""data_origin"":""SIMULATED_DEMONSTRATION_OFFER_HISTORY"",""ml_use_allowed"":0,""original_approver"":""analyst.unnati"",""original_approver_role"":""finance_manager"",""original_recommended_by"":""optimizer_v0_demo_log"",""policy_note"":""Historical/simulated demonstration offer. Not generated by the final production policy and must not be used for ML training or tuning.""}"
OFF-0199,900000247,1604-LIFKX,SUP-02,2014-06-27,2014-07-04,2014-07-19,94.59,2.31,2.18,92.41,0,expired,2014-07-04,optimizer_v0_demo_log,,finance_manager,synthetic,1,0,rate_not_on_0.5_percent_grid;rate_above_global_max_1.5_percent,SIMULATED_DEMONSTRATION_OFFER_HISTORY,0,"{""data_origin"":""SIMULATED_DEMONSTRATION_OFFER_HISTORY"",""ml_use_allowed"":0,""original_approver"":""fm.priya"",""original_approver_role"":""finance_manager"",""original_recommended_by"":""optimizer_v0_demo_log"",""policy_note"":""Historical/simulated demonstration offer. Not generated by the final production policy and must not be used for ML training or tuning.""}"
OFF-0200,900002165,5682-GYJCW,SUP-03,2014-06-23,2014-07-01,2014-07-20,72.62,1.4,1.01,71.61,0,declined,2014-07-01,optimizer_v0_demo_log,,finance_manager,synthetic,1,0,rate_not_on_0.5_percent_grid,SIMULATED_DEMONSTRATION_OFFER_HISTORY,0,"{""data_origin"":""SIMULATED_DEMONSTRATION_OFFER_HISTORY"",""ml_use_allowed"":0,""original_approver"":""fm.rahul"",""original_approver_role"":""finance_manager"",""original_recommended_by"":""optimizer_v0_demo_log"",""policy_note"":""Historical/simulated demonstration offer. Not generated by the final production policy and must not be used for ML training or tuning.""}"
OFF-0201,900001672,9014-WENVB,SUP-04,2014-07-10,2014-07-22,2014-07-31,54.24,1.36,0.74,53.5,0,declined,2014-07-22,optimizer_v0_demo_log,,finance_manager,synthetic,1,0,rate_not_on_0.5_percent_grid,SIMULATED_DEMONSTRATION_OFFER_HISTORY,0,"{""data_origin"":""SIMULATED_DEMONSTRATION_OFFER_HISTORY"",""ml_use_allowed"":0,""original_approver"":""fm.priya"",""original_approver_role"":""finance_manager"",""original_recommended_by"":""optimizer_v0_demo_log"",""policy_note"":""Historical/simulated demonstration offer. Not generated by the final production policy and must not be used for ML training or tuning.""}"
OFF-0202,900000577,3993-QUNVJ,SUP-01,2014-07-11,2014-07-21,2014-08-08,66.14,1.26,0.83,65.31,0,declined,2014-07-21,optimizer_v0_demo_log,,finance_manager,synthetic,1,0,rate_not_on_0.5_percent_grid,SIMULATED_DEMONSTRATION_OFFER_HISTORY,0,"{""data_origin"":""SIMULATED_DEMONSTRATION_OFFER_HISTORY"",""ml_use_allowed"":0,""original_approver"":""fm.rahul"",""original_approver_role"":""finance_manager"",""original_recommended_by"":""optimizer_v0_demo_log"",""policy_note"":""Historical/simulated demonstration offer. Not generated by the final production policy and must not be used for ML training or tuning.""}"
OFF-0203,900002457,8988-HAJQQ,SUP-03,2014-07-12,2014-07-23,2014-08-09,58.32,2.28,1.33,56.99,0,declined,2014-07-23,optimizer_v0_demo_log,,finance_manager,synthetic,1,0,rate_not_on_0.5_percent_grid;rate_above_global_max_1.5_percent,SIMULATED_DEMONSTRATION_OFFER_HISTORY,0,"{""data_origin"":""SIMULATED_DEMONSTRATION_OFFER_HISTORY"",""ml_use_allowed"":0,""original_approver"":""fm.priya"",""original_approver_role"":""finance_manager"",""original_recommended_by"":""optimizer_v0_demo_log"",""policy_note"":""Historical/simulated demonstration offer. Not generated by the final production policy and must not be used for ML training or tuning.""}"
OFF-0204,900002169,5682-GYJCW,SUP-03,2014-07-15,2014-07-23,2014-08-11,96.66,1.74,1.68,94.98,0,declined,2014-07-23,optimizer_v0_demo_log,,finance_manager,synthetic,1,0,rate_not_on_0.5_percent_grid;rate_above_global_max_1.5_percent,SIMULATED_DEMONSTRATION_OFFER_HISTORY,0,"{""data_origin"":""SIMULATED_DEMONSTRATION_OFFER_HISTORY"",""ml_use_allowed"":0,""original_approver"":""fm.rahul"",""original_approver_role"":""finance_manager"",""original_recommended_by"":""optimizer_v0_demo_log"",""policy_note"":""Historical/simulated demonstration offer. Not generated by the final production policy and must not be used for ML training or tuning.""}"
OFF-0205,900001573,8690-EEBEO,SUP-03,2014-07-16,2014-07-28,2014-08-12,47.57,1.9,0.9,46.67,0,expired,2014-07-28,optimizer_v0_demo_log,,finance_manager,synthetic,1,0,rate_not_on_0.5_percent_grid;rate_above_global_max_1.5_percent,SIMULATED_DEMONSTRATION_OFFER_HISTORY,0,"{""data_origin"":""SIMULATED_DEMONSTRATION_OFFER_HISTORY"",""ml_use_allowed"":0,""original_approver"":""fm.rahul"",""original_approver_role"":""finance_manager"",""original_recommended_by"":""optimizer_v0_demo_log"",""policy_note"":""Historical/simulated demonstration offer. Not generated by the final production policy and must not be used for ML training or tuning.""}"
OFF-0206,900000324,2447-JCFGW,SUP-03,2014-07-18,2014-07-25,2014-08-12,56.53,1.59,0.9,55.63,0,declined,2014-07-25,optimizer_v0_demo_log,,finance_manager,synthetic,1,0,rate_not_on_0.5_percent_grid;rate_above_global_max_1.5_percent,SIMULATED_DEMONSTRATION_OFFER_HISTORY,0,"{""data_origin"":""SIMULATED_DEMONSTRATION_OFFER_HISTORY"",""ml_use_allowed"":0,""original_approver"":""fm.priya"",""original_approver_role"":""finance_manager"",""original_recommended_by"":""optimizer_v0_demo_log"",""policy_note"":""Historical/simulated demonstration offer. Not generated by the final production policy and must not be used for ML training or tuning.""}"
OFF-0207,900002117,1481-LVYLA,SUP-01,2014-07-27,2014-08-05,2014-08-16,70.73,1.03,0.73,70.0,19,accepted,2014-07-28,optimizer_v0_demo_log,,finance_manager,synthetic,1,0,rate_not_on_0.5_percent_grid,SIMULATED_DEMONSTRATION_OFFER_HISTORY,0,"{""data_origin"":""SIMULATED_DEMONSTRATION_OFFER_HISTORY"",""ml_use_allowed"":0,""original_approver"":""fm.priya"",""original_approver_role"":""finance_manager"",""original_recommended_by"":""optimizer_v0_demo_log"",""policy_note"":""Historical/simulated demonstration offer. Not generated by the final production policy and must not be used for ML training or tuning.""}"
OFF-0208,900001541,8389-TCXFQ,SUP-03,2014-07-19,2014-07-31,2014-08-16,69.33,1.76,1.22,68.11,16,accepted,2014-07-31,optimizer_v0_demo_log,,finance_manager,synthetic,1,0,rate_not_on_0.5_percent_grid;rate_above_global_max_1.5_percent,SIMULATED_DEMONSTRATION_OFFER_HISTORY,0,"{""data_origin"":""SIMULATED_DEMONSTRATION_OFFER_HISTORY"",""ml_use_allowed"":0,""original_approver"":""fm.rahul"",""original_approver_role"":""finance_manager"",""original_recommended_by"":""optimizer_v0_demo_log"",""policy_note"":""Historical/simulated demonstration offer. Not generated by the final production policy and must not be used for ML training or tuning.""}"
OFF-0209,900002072,2221-BXWZK,SUP-01,2014-07-26,2014-08-05,2014-08-17,52.5,2.08,1.09,51.41,0,declined,2014-08-05,optimizer_v0_demo_log,,finance_manager,synthetic,1,0,rate_not_on_0.5_percent_grid;rate_above_global_max_1.5_percent,SIMULATED_DEMONSTRATION_OFFER_HISTORY,0,"{""data_origin"":""SIMULATED_DEMONSTRATION_OFFER_HISTORY"",""ml_use_allowed"":0,""original_approver"":""fm.rahul"",""original_approver_role"":""finance_manager"",""original_recommended_by"":""optimizer_v0_demo_log"",""policy_note"":""Historical/simulated demonstration offer. Not generated by the final production policy and must not be used for ML training or tuning.""}"
OFF-0210,900000536,3676-CQAIF,SUP-04,2014-07-27,2014-08-05,2014-08-17,47.45,2.26,1.07,46.38,0,expired,2014-08-05,optimizer_v0_demo_log,,finance_manager,synthetic,1,0,rate_not_on_0.5_percent_grid;rate_above_global_max_1.5_percent,SIMULATED_DEMONSTRATION_OFFER_HISTORY,0,"{""data_origin"":""SIMULATED_DEMONSTRATION_OFFER_HISTORY"",""ml_use_allowed"":0,""original_approver"":""fm.priya"",""original_approver_role"":""finance_manager"",""original_recommended_by"":""optimizer_v0_demo_log"",""policy_note"":""Historical/simulated demonstration offer. Not generated by the final production policy and must not be used for ML training or tuning.""}"
OFF-0211,900000519,3598-DNURW,SUP-01,2014-07-24,2014-08-03,2014-08-18,71.8,1.15,0.82,70.98,0,declined,2014-08-03,optimizer_v0_demo_log,,finance_manager,synthetic,1,0,rate_not_on_0.5_percent_grid,SIMULATED_DEMONSTRATION_OFFER_HISTORY,0,"{""data_origin"":""SIMULATED_DEMONSTRATION_OFFER_HISTORY"",""ml_use_allowed"":0,""original_approver"":""fm.rahul"",""original_approver_role"":""finance_manager"",""original_recommended_by"":""optimizer_v0_demo_log"",""policy_note"":""Historical/simulated demonstration offer. Not generated by the final production policy and must not be used for ML training or tuning.""}"
OFF-0212,900000552,3831-FXWYK,SUP-02,2014-07-27,2014-08-06,2014-08-19,48.61,2.0,0.97,47.64,0,expired,2014-08-06,optimizer_v0_demo_log,,finance_manager,synthetic,1,0,rate_not_on_0.5_percent_grid;rate_above_global_max_1.5_percent,SIMULATED_DEMONSTRATION_OFFER_HISTORY,0,"{""data_origin"":""SIMULATED_DEMONSTRATION_OFFER_HISTORY"",""ml_use_allowed"":0,""original_approver"":""fm.rahul"",""original_approver_role"":""finance_manager"",""original_recommended_by"":""optimizer_v0_demo_log"",""policy_note"":""Historical/simulated demonstration offer. Not generated by the final production policy and must not be used for ML training or tuning.""}"
OFF-0213,900002188,8546-DGDDF,SUP-02,2014-07-30,2014-08-06,2014-08-21,87.66,2.27,1.99,85.67,0,expired,2014-08-06,optimizer_v0_demo_log,,finance_manager,synthetic,1,0,rate_not_on_0.5_percent_grid;rate_above_global_max_1.5_percent,SIMULATED_DEMONSTRATION_OFFER_HISTORY,0,"{""data_origin"":""SIMULATED_DEMONSTRATION_OFFER_HISTORY"",""ml_use_allowed"":0,""original_approver"":""fm.priya"",""original_approver_role"":""finance_manager"",""original_recommended_by"":""optimizer_v0_demo_log"",""policy_note"":""Historical/simulated demonstration offer. Not generated by the final production policy and must not be used for ML training or tuning.""}"
OFF-0214,900002128,0257-LSRKO,SUP-02,2014-07-26,2014-07-31,2014-08-22,62.75,1.97,1.24,61.51,0,declined,2014-07-31,optimizer_v0_demo_log,,finance_manager,synthetic,1,0,rate_not_on_0.5_percent_grid;rate_above_global_max_1.5_percent,SIMULATED_DEMONSTRATION_OFFER_HISTORY,0,"{""data_origin"":""SIMULATED_DEMONSTRATION_OFFER_HISTORY"",""ml_use_allowed"":0,""original_approver"":""fm.rahul"",""original_approver_role"":""finance_manager"",""original_recommended_by"":""optimizer_v0_demo_log"",""policy_note"":""Historical/simulated demonstration offer. Not generated by the final production policy and must not be used for ML training or tuning.""}"
OFF-0215,900001159,6833-ETVHD,SUP-02,2014-07-30,2014-08-04,2014-08-23,74.1,1.45,1.08,73.02,0,declined,2014-08-04,optimizer_v0_demo_log,,finance_manager,synthetic,1,0,rate_not_on_0.5_percent_grid,SIMULATED_DEMONSTRATION_OFFER_HISTORY,0,"{""data_origin"":""SIMULATED_DEMONSTRATION_OFFER_HISTORY"",""ml_use_allowed"":0,""original_approver"":""fm.rahul"",""original_approver_role"":""finance_manager"",""original_recommended_by"":""optimizer_v0_demo_log"",""policy_note"":""Historical/simulated demonstration offer. Not generated by the final production policy and must not be used for ML training or tuning.""}"
OFF-0216,900001030,6177-VTITE,SUP-04,2014-08-07,2014-08-13,2014-08-28,60.4,1.27,0.77,59.63,0,declined,2014-08-13,optimizer_v0_demo_log,,finance_manager,synthetic,1,0,rate_not_on_0.5_percent_grid,SIMULATED_DEMONSTRATION_OFFER_HISTORY,0,"{""data_origin"":""SIMULATED_DEMONSTRATION_OFFER_HISTORY"",""ml_use_allowed"":0,""original_approver"":""analyst.unnati"",""original_approver_role"":""finance_manager"",""original_recommended_by"":""optimizer_v0_demo_log"",""policy_note"":""Historical/simulated demonstration offer. Not generated by the final production policy and must not be used for ML training or tuning.""}"
OFF-0217,900001248,7245-CKNCN,SUP-04,2014-08-07,2014-08-17,2014-08-29,79.71,1.1,0.88,78.83,12,accepted,2014-08-17,optimizer_v0_demo_log,,finance_manager,synthetic,1,0,rate_not_on_0.5_percent_grid,SIMULATED_DEMONSTRATION_OFFER_HISTORY,0,"{""data_origin"":""SIMULATED_DEMONSTRATION_OFFER_HISTORY"",""ml_use_allowed"":0,""original_approver"":""fm.priya"",""original_approver_role"":""finance_manager"",""original_recommended_by"":""optimizer_v0_demo_log"",""policy_note"":""Historical/simulated demonstration offer. Not generated by the final production policy and must not be used for ML training or tuning.""}"
OFF-0218,900001772,9181-HEKGV,SUP-04,2014-08-06,2014-08-14,2014-08-31,77.89,2.26,1.76,76.13,0,expired,2014-08-14,optimizer_v0_demo_log,,finance_manager,synthetic,1,0,rate_not_on_0.5_percent_grid;rate_above_global_max_1.5_percent,SIMULATED_DEMONSTRATION_OFFER_HISTORY,0,"{""data_origin"":""SIMULATED_DEMONSTRATION_OFFER_HISTORY"",""ml_use_allowed"":0,""original_approver"":""fm.priya"",""original_approver_role"":""finance_manager"",""original_recommended_by"":""optimizer_v0_demo_log"",""policy_note"":""Historical/simulated demonstration offer. Not generated by the final production policy and must not be used for ML training or tuning.""}"
OFF-0219,900001118,6708-DPYTF,SUP-03,2014-08-11,2014-08-18,2014-09-01,73.37,1.95,1.43,71.94,0,expired,2014-08-18,optimizer_v0_demo_log,,finance_manager,synthetic,1,0,rate_not_on_0.5_percent_grid;rate_above_global_max_1.5_percent,SIMULATED_DEMONSTRATION_OFFER_HISTORY,0,"{""data_origin"":""SIMULATED_DEMONSTRATION_OFFER_HISTORY"",""ml_use_allowed"":0,""original_approver"":""fm.priya"",""original_approver_role"":""finance_manager"",""original_recommended_by"":""optimizer_v0_demo_log"",""policy_note"":""Historical/simulated demonstration offer. Not generated by the final production policy and must not be used for ML training or tuning.""}"
OFF-0220,900002346,1179-YTQQT,SUP-04,2014-08-06,2014-08-16,2014-09-01,55.13,2.21,1.22,53.91,0,declined,2014-08-16,optimizer_v0_demo_log,,finance_manager,synthetic,1,0,rate_not_on_0.5_percent_grid;rate_above_global_max_1.5_percent,SIMULATED_DEMONSTRATION_OFFER_HISTORY,0,"{""data_origin"":""SIMULATED_DEMONSTRATION_OFFER_HISTORY"",""ml_use_allowed"":0,""original_approver"":""analyst.unnati"",""original_approver_role"":""finance_manager"",""original_recommended_by"":""optimizer_v0_demo_log"",""policy_note"":""Historical/simulated demonstration offer. Not generated by the final production policy and must not be used for ML training or tuning.""}"
OFF-0221,900000772,5284-DJOZO,SUP-03,2014-08-08,2014-08-16,2014-09-05,62.06,1.45,0.9,61.16,28,accepted,2014-08-08,optimizer_v0_demo_log,,finance_manager,synthetic,1,0,rate_not_on_0.5_percent_grid,SIMULATED_DEMONSTRATION_OFFER_HISTORY,0,"{""data_origin"":""SIMULATED_DEMONSTRATION_OFFER_HISTORY"",""ml_use_allowed"":0,""original_approver"":""fm.priya"",""original_approver_role"":""finance_manager"",""original_recommended_by"":""optimizer_v0_demo_log"",""policy_note"":""Historical/simulated demonstration offer. Not generated by the final production policy and must not be used for ML training or tuning.""}"
OFF-0222,900001001,6160-HCSFI,SUP-03,2014-08-10,2014-08-22,2014-09-06,72.72,1.46,1.06,71.66,0,declined,2014-08-22,optimizer_v0_demo_log,,finance_manager,synthetic,1,0,rate_not_on_0.5_percent_grid,SIMULATED_DEMONSTRATION_OFFER_HISTORY,0,"{""data_origin"":""SIMULATED_DEMONSTRATION_OFFER_HISTORY"",""ml_use_allowed"":0,""original_approver"":""fm.priya"",""original_approver_role"":""finance_manager"",""original_recommended_by"":""optimizer_v0_demo_log"",""policy_note"":""Historical/simulated demonstration offer. Not generated by the final production policy and must not be used for ML training or tuning.""}"
OFF-0223,900000005,0187-ERLSR,SUP-02,2014-08-13,2014-08-18,2014-09-07,49.06,1.54,0.76,48.3,24,accepted,2014-08-14,optimizer_v0_demo_log,,finance_manager,synthetic,1,0,rate_not_on_0.5_percent_grid;rate_above_global_max_1.5_percent,SIMULATED_DEMONSTRATION_OFFER_HISTORY,0,"{""data_origin"":""SIMULATED_DEMONSTRATION_OFFER_HISTORY"",""ml_use_allowed"":0,""original_approver"":""fm.rahul"",""original_approver_role"":""finance_manager"",""original_recommended_by"":""optimizer_v0_demo_log"",""policy_note"":""Historical/simulated demonstration offer. Not generated by the final production policy and must not be used for ML training or tuning.""}"
OFF-0224,900000359,2676-DZINU,SUP-04,2014-08-19,2014-08-29,2014-09-08,56.03,0.95,0.53,55.5,11,accepted,2014-08-28,optimizer_v0_demo_log,,finance_manager,synthetic,1,0,rate_not_on_0.5_percent_grid,SIMULATED_DEMONSTRATION_OFFER_HISTORY,0,"{""data_origin"":""SIMULATED_DEMONSTRATION_OFFER_HISTORY"",""ml_use_allowed"":0,""original_approver"":""analyst.unnati"",""original_approver_role"":""finance_manager"",""original_recommended_by"":""optimizer_v0_demo_log"",""policy_note"":""Historical/simulated demonstration offer. Not generated by the final production policy and must not be used for ML training or tuning.""}"
OFF-0225,900000897,5920-DPXLN,SUP-03,2014-08-19,2014-08-31,2014-09-10,63.66,0.96,0.61,63.05,14,accepted,2014-08-27,optimizer_v0_demo_log,,finance_manager,synthetic,1,0,rate_not_on_0.5_percent_grid,SIMULATED_DEMONSTRATION_OFFER_HISTORY,0,"{""data_origin"":""SIMULATED_DEMONSTRATION_OFFER_HISTORY"",""ml_use_allowed"":0,""original_approver"":""fm.rahul"",""original_approver_role"":""finance_manager"",""original_recommended_by"":""optimizer_v0_demo_log"",""policy_note"":""Historical/simulated demonstration offer. Not generated by the final production policy and must not be used for ML training or tuning.""}"
OFF-0226,900000937,6004-KITZM,SUP-04,2014-08-21,2014-08-29,2014-09-11,51.37,1.06,0.55,50.82,0,declined,2014-08-29,optimizer_v0_demo_log,,finance_manager,synthetic,1,0,rate_not_on_0.5_percent_grid,SIMULATED_DEMONSTRATION_OFFER_HISTORY,0,"{""data_origin"":""SIMULATED_DEMONSTRATION_OFFER_HISTORY"",""ml_use_allowed"":0,""original_approver"":""fm.priya"",""original_approver_role"":""finance_manager"",""original_recommended_by"":""optimizer_v0_demo_log"",""policy_note"":""Historical/simulated demonstration offer. Not generated by the final production policy and must not be used for ML training or tuning.""}"
OFF-0227,900000051,0465-DTULQ,SUP-01,2014-08-25,2014-09-05,2014-09-18,69.36,1.7,1.18,68.18,0,declined,2014-09-05,optimizer_v0_demo_log,,finance_manager,synthetic,1,0,rate_not_on_0.5_percent_grid;rate_above_global_max_1.5_percent,SIMULATED_DEMONSTRATION_OFFER_HISTORY,0,"{""data_origin"":""SIMULATED_DEMONSTRATION_OFFER_HISTORY"",""ml_use_allowed"":0,""original_approver"":""fm.priya"",""original_approver_role"":""finance_manager"",""original_recommended_by"":""optimizer_v0_demo_log"",""policy_note"":""Historical/simulated demonstration offer. Not generated by the final production policy and must not be used for ML training or tuning.""}"
OFF-0228,900001979,9841-XLGBV,SUP-03,2014-08-23,2014-09-01,2014-09-19,52.57,1.31,0.69,51.88,0,declined,2014-09-01,optimizer_v0_demo_log,,finance_manager,synthetic,1,0,rate_not_on_0.5_percent_grid,SIMULATED_DEMONSTRATION_OFFER_HISTORY,0,"{""data_origin"":""SIMULATED_DEMONSTRATION_OFFER_HISTORY"",""ml_use_allowed"":0,""original_approver"":""analyst.unnati"",""original_approver_role"":""finance_manager"",""original_recommended_by"":""optimizer_v0_demo_log"",""policy_note"":""Historical/simulated demonstration offer. Not generated by the final production policy and must not be used for ML training or tuning.""}"
OFF-0229,900002208,3123-WAIIS,SUP-04,2014-08-27,2014-09-08,2014-09-19,55.19,0.87,0.48,54.71,23,accepted,2014-08-27,optimizer_v0_demo_log,,finance_manager,synthetic,1,0,rate_not_on_0.5_percent_grid,SIMULATED_DEMONSTRATION_OFFER_HISTORY,0,"{""data_origin"":""SIMULATED_DEMONSTRATION_OFFER_HISTORY"",""ml_use_allowed"":0,""original_approver"":""fm.rahul"",""original_approver_role"":""finance_manager"",""original_recommended_by"":""optimizer_v0_demo_log"",""policy_note"":""Historical/simulated demonstration offer. Not generated by the final production policy and must not be used for ML training or tuning.""}"
OFF-0230,900000878,5875-VZQCZ,SUP-04,2014-08-31,2014-09-12,2014-09-21,101.32,1.53,1.55,99.77,0,declined,2014-09-12,optimizer_v0_demo_log,,finance_manager,synthetic,1,0,rate_not_on_0.5_percent_grid;rate_above_global_max_1.5_percent,SIMULATED_DEMONSTRATION_OFFER_HISTORY,0,"{""data_origin"":""SIMULATED_DEMONSTRATION_OFFER_HISTORY"",""ml_use_allowed"":0,""original_approver"":""fm.priya"",""original_approver_role"":""finance_manager"",""original_recommended_by"":""optimizer_v0_demo_log"",""policy_note"":""Historical/simulated demonstration offer. Not generated by the final production policy and must not be used for ML training or tuning.""}"
OFF-0231,900001500,8156-PCYBM,SUP-04,2014-08-25,2014-09-06,2014-09-22,77.33,1.62,1.25,76.08,0,declined,2014-09-06,optimizer_v0_demo_log,,finance_manager,synthetic,1,0,rate_not_on_0.5_percent_grid;rate_above_global_max_1.5_percent,SIMULATED_DEMONSTRATION_OFFER_HISTORY,0,"{""data_origin"":""SIMULATED_DEMONSTRATION_OFFER_HISTORY"",""ml_use_allowed"":0,""original_approver"":""fm.priya"",""original_approver_role"":""finance_manager"",""original_recommended_by"":""optimizer_v0_demo_log"",""policy_note"":""Historical/simulated demonstration offer. Not generated by the final production policy and must not be used for ML training or tuning.""}"
OFF-0232,900000340,2621-XCLEH,SUP-01,2014-08-28,2014-09-07,2014-09-22,61.28,2.32,1.42,59.86,0,declined,2014-09-07,optimizer_v0_demo_log,,finance_manager,synthetic,1,0,rate_not_on_0.5_percent_grid;rate_above_global_max_1.5_percent,SIMULATED_DEMONSTRATION_OFFER_HISTORY,0,"{""data_origin"":""SIMULATED_DEMONSTRATION_OFFER_HISTORY"",""ml_use_allowed"":0,""original_approver"":""fm.priya"",""original_approver_role"":""finance_manager"",""original_recommended_by"":""optimizer_v0_demo_log"",""policy_note"":""Historical/simulated demonstration offer. Not generated by the final production policy and must not be used for ML training or tuning.""}"
OFF-0234,900001905,9460-VAZGD,SUP-03,2014-09-08,2014-09-17,2014-09-28,50.11,1.07,0.54,49.57,13,accepted,2014-09-15,optimizer_v0_demo_log,,finance_manager,synthetic,1,0,rate_not_on_0.5_percent_grid,SIMULATED_DEMONSTRATION_OFFER_HISTORY,0,"{""data_origin"":""SIMULATED_DEMONSTRATION_OFFER_HISTORY"",""ml_use_allowed"":0,""original_approver"":""analyst.unnati"",""original_approver_role"":""finance_manager"",""original_recommended_by"":""optimizer_v0_demo_log"",""policy_note"":""Historical/simulated demonstration offer. Not generated by the final production policy and must not be used for ML training or tuning.""}"
OFF-0235,900001119,6708-DPYTF,SUP-03,2014-09-06,2014-09-13,2014-10-01,83.36,2.29,1.91,81.45,0,declined,2014-09-13,optimizer_v0_demo_log,,finance_manager,synthetic,1,0,rate_not_on_0.5_percent_grid;rate_above_global_max_1.5_percent,SIMULATED_DEMONSTRATION_OFFER_HISTORY,0,"{""data_origin"":""SIMULATED_DEMONSTRATION_OFFER_HISTORY"",""ml_use_allowed"":0,""original_approver"":""fm.rahul"",""original_approver_role"":""finance_manager"",""original_recommended_by"":""optimizer_v0_demo_log"",""policy_note"":""Historical/simulated demonstration offer. Not generated by the final production policy and must not be used for ML training or tuning.""}"
OFF-0236,900001724,9149-MATVB,SUP-01,2014-09-12,2014-09-21,2014-10-05,61.0,1.48,0.9,60.1,0,expired,2014-09-21,optimizer_v0_demo_log,,finance_manager,synthetic,1,0,rate_not_on_0.5_percent_grid,SIMULATED_DEMONSTRATION_OFFER_HISTORY,0,"{""data_origin"":""SIMULATED_DEMONSTRATION_OFFER_HISTORY"",""ml_use_allowed"":0,""original_approver"":""fm.priya"",""original_approver_role"":""finance_manager"",""original_recommended_by"":""optimizer_v0_demo_log"",""policy_note"":""Historical/simulated demonstration offer. Not generated by the final production policy and must not be used for ML training or tuning.""}"
OFF-0238,900002370,5545-RBNRX,SUP-01,2014-09-11,2014-09-21,2014-10-08,70.58,1.51,1.07,69.51,0,declined,2014-09-21,optimizer_v0_demo_log,,finance_manager,synthetic,1,0,rate_not_on_0.5_percent_grid;rate_above_global_max_1.5_percent,SIMULATED_DEMONSTRATION_OFFER_HISTORY,0,"{""data_origin"":""SIMULATED_DEMONSTRATION_OFFER_HISTORY"",""ml_use_allowed"":0,""original_approver"":""analyst.unnati"",""original_approver_role"":""finance_manager"",""original_recommended_by"":""optimizer_v0_demo_log"",""policy_note"":""Historical/simulated demonstration offer. Not generated by the final production policy and must not be used for ML training or tuning.""}"
OFF-0239,900000583,3993-QUNVJ,SUP-01,2014-09-17,2014-09-24,2014-10-11,83.68,1.48,1.24,82.44,0,declined,2014-09-24,optimizer_v0_demo_log,,finance_manager,synthetic,1,0,rate_not_on_0.5_percent_grid,SIMULATED_DEMONSTRATION_OFFER_HISTORY,0,"{""data_origin"":""SIMULATED_DEMONSTRATION_OFFER_HISTORY"",""ml_use_allowed"":0,""original_approver"":""fm.rahul"",""original_approver_role"":""finance_manager"",""original_recommended_by"":""optimizer_v0_demo_log"",""policy_note"":""Historical/simulated demonstration offer. Not generated by the final production policy and must not be used for ML training or tuning.""}"
OFF-0240,900000508,3569-VJWXS,SUP-01,2014-09-22,2014-09-29,2014-10-17,79.74,1.79,1.42,78.32,0,declined,2014-09-29,optimizer_v0_demo_log,,finance_manager,synthetic,1,0,rate_not_on_0.5_percent_grid;rate_above_global_max_1.5_percent,SIMULATED_DEMONSTRATION_OFFER_HISTORY,0,"{""data_origin"":""SIMULATED_DEMONSTRATION_OFFER_HISTORY"",""ml_use_allowed"":0,""original_approver"":""analyst.unnati"",""original_approver_role"":""finance_manager"",""original_recommended_by"":""optimizer_v0_demo_log"",""policy_note"":""Historical/simulated demonstration offer. Not generated by the final production policy and must not be used for ML training or tuning.""}"
OFF-0241,900002479,3186-OBGGV,SUP-01,2014-09-27,2014-10-09,2014-10-25,63.01,1.23,0.77,62.24,0,declined,2014-10-09,optimizer_v0_demo_log,,finance_manager,synthetic,1,0,rate_not_on_0.5_percent_grid,SIMULATED_DEMONSTRATION_OFFER_HISTORY,0,"{""data_origin"":""SIMULATED_DEMONSTRATION_OFFER_HISTORY"",""ml_use_allowed"":0,""original_approver"":""fm.priya"",""original_approver_role"":""finance_manager"",""original_recommended_by"":""optimizer_v0_demo_log"",""policy_note"":""Historical/simulated demonstration offer. Not generated by the final production policy and must not be used for ML training or tuning.""}"
OFF-0242,900000029,0379-NEVHP,SUP-04,2014-10-07,2014-10-19,2014-10-30,60.42,0.86,0.52,59.9,12,accepted,2014-10-18,optimizer_v0_demo_log,,finance_manager,synthetic,1,0,rate_not_on_0.5_percent_grid,SIMULATED_DEMONSTRATION_OFFER_HISTORY,0,"{""data_origin"":""SIMULATED_DEMONSTRATION_OFFER_HISTORY"",""ml_use_allowed"":0,""original_approver"":""fm.rahul"",""original_approver_role"":""finance_manager"",""original_recommended_by"":""optimizer_v0_demo_log"",""policy_note"":""Historical/simulated demonstration offer. Not generated by the final production policy and must not be used for ML training or tuning.""}"
OFF-0243,900002209,3123-WAIIS,SUP-04,2014-10-08,2014-10-17,2014-10-31,58.89,0.94,0.55,58.34,0,declined,2014-10-17,optimizer_v0_demo_log,,finance_manager,synthetic,1,0,rate_not_on_0.5_percent_grid,SIMULATED_DEMONSTRATION_OFFER_HISTORY,0,"{""data_origin"":""SIMULATED_DEMONSTRATION_OFFER_HISTORY"",""ml_use_allowed"":0,""original_approver"":""fm.rahul"",""original_approver_role"":""finance_manager"",""original_recommended_by"":""optimizer_v0_demo_log"",""policy_note"":""Historical/simulated demonstration offer. Not generated by the final production policy and must not be used for ML training or tuning.""}"
OFF-0244,900000707,5164-VMYWJ,SUP-02,2014-10-06,2014-10-17,2014-11-02,69.25,1.54,1.07,68.18,0,declined,2014-10-17,optimizer_v0_demo_log,,finance_manager,synthetic,1,0,rate_not_on_0.5_percent_grid;rate_above_global_max_1.5_percent,SIMULATED_DEMONSTRATION_OFFER_HISTORY,0,"{""data_origin"":""SIMULATED_DEMONSTRATION_OFFER_HISTORY"",""ml_use_allowed"":0,""original_approver"":""fm.rahul"",""original_approver_role"":""finance_manager"",""original_recommended_by"":""optimizer_v0_demo_log"",""policy_note"":""Historical/simulated demonstration offer. Not generated by the final production policy and must not be used for ML training or tuning.""}"
OFF-0245,900000747,5196-TWQXF,SUP-02,2014-10-12,2014-10-20,2014-11-03,66.84,1.41,0.94,65.9,0,declined,2014-10-20,optimizer_v0_demo_log,,finance_manager,synthetic,1,0,rate_not_on_0.5_percent_grid,SIMULATED_DEMONSTRATION_OFFER_HISTORY,0,"{""data_origin"":""SIMULATED_DEMONSTRATION_OFFER_HISTORY"",""ml_use_allowed"":0,""original_approver"":""fm.priya"",""original_approver_role"":""finance_manager"",""original_recommended_by"":""optimizer_v0_demo_log"",""policy_note"":""Historical/simulated demonstration offer. Not generated by the final production policy and must not be used for ML training or tuning.""}"
OFF-0246,900001805,9212-BTDMX,SUP-01,2014-10-11,2014-10-21,2014-11-05,63.74,1.42,0.9,62.84,15,accepted,2014-10-21,optimizer_v0_demo_log,,finance_manager,synthetic,1,0,rate_not_on_0.5_percent_grid,SIMULATED_DEMONSTRATION_OFFER_HISTORY,0,"{""data_origin"":""SIMULATED_DEMONSTRATION_OFFER_HISTORY"",""ml_use_allowed"":0,""original_approver"":""fm.rahul"",""original_approver_role"":""finance_manager"",""original_recommended_by"":""optimizer_v0_demo_log"",""policy_note"":""Historical/simulated demonstration offer. Not generated by the final production policy and must not be used for ML training or tuning.""}"
OFF-0248,900001397,7841-HROAQ,SUP-02,2014-10-13,2014-10-25,2014-11-09,65.66,1.35,0.89,64.77,0,declined,2014-10-25,optimizer_v0_demo_log,,finance_manager,synthetic,1,0,rate_not_on_0.5_percent_grid,SIMULATED_DEMONSTRATION_OFFER_HISTORY,0,"{""data_origin"":""SIMULATED_DEMONSTRATION_OFFER_HISTORY"",""ml_use_allowed"":0,""original_approver"":""fm.priya"",""original_approver_role"":""finance_manager"",""original_recommended_by"":""optimizer_v0_demo_log"",""policy_note"":""Historical/simulated demonstration offer. Not generated by the final production policy and must not be used for ML training or tuning.""}"
OFF-0249,900001727,9149-MATVB,SUP-03,2014-10-19,2014-10-27,2014-11-11,47.54,1.36,0.65,46.89,0,expired,2014-10-27,optimizer_v0_demo_log,,finance_manager,synthetic,1,0,rate_not_on_0.5_percent_grid,SIMULATED_DEMONSTRATION_OFFER_HISTORY,0,"{""data_origin"":""SIMULATED_DEMONSTRATION_OFFER_HISTORY"",""ml_use_allowed"":0,""original_approver"":""analyst.unnati"",""original_approver_role"":""finance_manager"",""original_recommended_by"":""optimizer_v0_demo_log"",""policy_note"":""Historical/simulated demonstration offer. Not generated by the final production policy and must not be used for ML training or tuning.""}"
OFF-0250,900001548,8389-TCXFQ,SUP-01,2014-10-24,2014-11-02,2014-11-14,81.92,1.6,1.31,80.61,14,accepted,2014-10-31,optimizer_v0_demo_log,,finance_manager,synthetic,1,0,rate_not_on_0.5_percent_grid;rate_above_global_max_1.5_percent,SIMULATED_DEMONSTRATION_OFFER_HISTORY,0,"{""data_origin"":""SIMULATED_DEMONSTRATION_OFFER_HISTORY"",""ml_use_allowed"":0,""original_approver"":""fm.priya"",""original_approver_role"":""finance_manager"",""original_recommended_by"":""optimizer_v0_demo_log"",""policy_note"":""Historical/simulated demonstration offer. Not generated by the final production policy and must not be used for ML training or tuning.""}"
OFF-0251,900001591,8820-BLYDZ,SUP-02,2014-10-17,2014-10-28,2014-11-14,70.14,1.33,0.93,69.21,24,accepted,2014-10-21,optimizer_v0_demo_log,,finance_manager,synthetic,1,0,rate_not_on_0.5_percent_grid,SIMULATED_DEMONSTRATION_OFFER_HISTORY,0,"{""data_origin"":""SIMULATED_DEMONSTRATION_OFFER_HISTORY"",""ml_use_allowed"":0,""original_approver"":""analyst.unnati"",""original_approver_role"":""finance_manager"",""original_recommended_by"":""optimizer_v0_demo_log"",""policy_note"":""Historical/simulated demonstration offer. Not generated by the final production policy and must not be used for ML training or tuning.""}"
OFF-0252,900002194,8546-DGDDF,SUP-02,2014-10-20,2014-10-30,2014-11-16,73.55,2.56,1.89,71.66,0,expired,2014-10-30,optimizer_v0_demo_log,,finance_manager,synthetic,1,0,rate_not_on_0.5_percent_grid;rate_above_global_max_1.5_percent,SIMULATED_DEMONSTRATION_OFFER_HISTORY,0,"{""data_origin"":""SIMULATED_DEMONSTRATION_OFFER_HISTORY"",""ml_use_allowed"":0,""original_approver"":""fm.priya"",""original_approver_role"":""finance_manager"",""original_recommended_by"":""optimizer_v0_demo_log"",""policy_note"":""Historical/simulated demonstration offer. Not generated by the final production policy and must not be used for ML training or tuning.""}"
OFF-0253,900002411,4906-YSTHT,SUP-04,2014-10-27,2014-11-08,2014-11-19,65.62,1.55,1.02,64.6,17,accepted,2014-11-02,optimizer_v0_demo_log,,finance_manager,synthetic,1,0,rate_not_on_0.5_percent_grid;rate_above_global_max_1.5_percent,SIMULATED_DEMONSTRATION_OFFER_HISTORY,0,"{""data_origin"":""SIMULATED_DEMONSTRATION_OFFER_HISTORY"",""ml_use_allowed"":0,""original_approver"":""fm.rahul"",""original_approver_role"":""finance_manager"",""original_recommended_by"":""optimizer_v0_demo_log"",""policy_note"":""Historical/simulated demonstration offer. Not generated by the final production policy and must not be used for ML training or tuning.""}"
OFF-0254,900001728,9149-MATVB,SUP-01,2014-10-30,2014-11-06,2014-11-22,48.8,1.43,0.7,48.1,0,declined,2014-11-06,optimizer_v0_demo_log,,finance_manager,synthetic,1,0,rate_not_on_0.5_percent_grid,SIMULATED_DEMONSTRATION_OFFER_HISTORY,0,"{""data_origin"":""SIMULATED_DEMONSTRATION_OFFER_HISTORY"",""ml_use_allowed"":0,""original_approver"":""analyst.unnati"",""original_approver_role"":""finance_manager"",""original_recommended_by"":""optimizer_v0_demo_log"",""policy_note"":""Historical/simulated demonstration offer. Not generated by the final production policy and must not be used for ML training or tuning.""}"
OFF-0255,900000078,0625-TNJFG,SUP-03,2014-11-02,2014-11-09,2014-11-25,62.06,1.39,0.86,61.2,0,declined,2014-11-09,optimizer_v0_demo_log,,finance_manager,synthetic,1,0,rate_not_on_0.5_percent_grid,SIMULATED_DEMONSTRATION_OFFER_HISTORY,0,"{""data_origin"":""SIMULATED_DEMONSTRATION_OFFER_HISTORY"",""ml_use_allowed"":0,""original_approver"":""analyst.unnati"",""original_approver_role"":""finance_manager"",""original_recommended_by"":""optimizer_v0_demo_log"",""policy_note"":""Historical/simulated demonstration offer. Not generated by the final production policy and must not be used for ML training or tuning.""}"
OFF-0256,900002020,9928-IJYBQ,SUP-04,2014-10-30,2014-11-06,2014-11-25,63.61,2.32,1.48,62.13,0,expired,2014-11-06,optimizer_v0_demo_log,,finance_manager,synthetic,1,0,rate_not_on_0.5_percent_grid;rate_above_global_max_1.5_percent,SIMULATED_DEMONSTRATION_OFFER_HISTORY,0,"{""data_origin"":""SIMULATED_DEMONSTRATION_OFFER_HISTORY"",""ml_use_allowed"":0,""original_approver"":""analyst.unnati"",""original_approver_role"":""finance_manager"",""original_recommended_by"":""optimizer_v0_demo_log"",""policy_note"":""Historical/simulated demonstration offer. Not generated by the final production policy and must not be used for ML training or tuning.""}"
OFF-0257,900001399,7841-HROAQ,SUP-01,2014-11-04,2014-11-13,2014-11-26,75.67,1.51,1.14,74.53,0,declined,2014-11-13,optimizer_v0_demo_log,,finance_manager,synthetic,1,0,rate_not_on_0.5_percent_grid;rate_above_global_max_1.5_percent,SIMULATED_DEMONSTRATION_OFFER_HISTORY,0,"{""data_origin"":""SIMULATED_DEMONSTRATION_OFFER_HISTORY"",""ml_use_allowed"":0,""original_approver"":""analyst.unnati"",""original_approver_role"":""finance_manager"",""original_recommended_by"":""optimizer_v0_demo_log"",""policy_note"":""Historical/simulated demonstration offer. Not generated by the final production policy and must not be used for ML training or tuning.""}"
OFF-0258,900002462,8988-HAJQQ,SUP-03,2014-11-01,2014-11-10,2014-11-26,72.69,2.16,1.57,71.12,0,expired,2014-11-10,optimizer_v0_demo_log,,finance_manager,synthetic,1,0,rate_not_on_0.5_percent_grid;rate_above_global_max_1.5_percent,SIMULATED_DEMONSTRATION_OFFER_HISTORY,0,"{""data_origin"":""SIMULATED_DEMONSTRATION_OFFER_HISTORY"",""ml_use_allowed"":0,""original_approver"":""fm.rahul"",""original_approver_role"":""finance_manager"",""original_recommended_by"":""optimizer_v0_demo_log"",""policy_note"":""Historical/simulated demonstration offer. Not generated by the final production policy and must not be used for ML training or tuning.""}"
OFF-0259,900001675,9014-WENVB,SUP-04,2014-11-06,2014-11-16,2014-11-30,64.13,1.29,0.83,63.3,0,expired,2014-11-16,optimizer_v0_demo_log,,finance_manager,synthetic,1,0,rate_not_on_0.5_percent_grid,SIMULATED_DEMONSTRATION_OFFER_HISTORY,0,"{""data_origin"":""SIMULATED_DEMONSTRATION_OFFER_HISTORY"",""ml_use_allowed"":0,""original_approver"":""fm.rahul"",""original_approver_role"":""finance_manager"",""original_recommended_by"":""optimizer_v0_demo_log"",""policy_note"":""Historical/simulated demonstration offer. Not generated by the final production policy and must not be used for ML training or tuning.""}"
OFF-0260,900000276,2026-XLBER,SUP-04,2014-11-08,2014-11-20,2014-12-04,48.38,1.27,0.62,47.76,0,declined,2014-11-20,optimizer_v0_demo_log,,finance_manager,synthetic,1,0,rate_not_on_0.5_percent_grid,SIMULATED_DEMONSTRATION_OFFER_HISTORY,0,"{""data_origin"":""SIMULATED_DEMONSTRATION_OFFER_HISTORY"",""ml_use_allowed"":0,""original_approver"":""fm.rahul"",""original_approver_role"":""finance_manager"",""original_recommended_by"":""optimizer_v0_demo_log"",""policy_note"":""Historical/simulated demonstration offer. Not generated by the final production policy and must not be used for ML training or tuning.""}"
OFF-0261,900001945,9758-AIEIK,SUP-04,2014-11-13,2014-11-20,2014-12-07,58.52,1.46,0.85,57.67,0,declined,2014-11-20,optimizer_v0_demo_log,,finance_manager,synthetic,1,0,rate_not_on_0.5_percent_grid,SIMULATED_DEMONSTRATION_OFFER_HISTORY,0,"{""data_origin"":""SIMULATED_DEMONSTRATION_OFFER_HISTORY"",""ml_use_allowed"":0,""original_approver"":""analyst.unnati"",""original_approver_role"":""finance_manager"",""original_recommended_by"":""optimizer_v0_demo_log"",""policy_note"":""Historical/simulated demonstration offer. Not generated by the final production policy and must not be used for ML training or tuning.""}"
OFF-0262,900001033,6177-VTITE,SUP-04,2014-11-13,2014-11-24,2014-12-10,56.12,1.33,0.75,55.37,16,accepted,2014-11-24,optimizer_v0_demo_log,,finance_manager,synthetic,1,0,rate_not_on_0.5_percent_grid,SIMULATED_DEMONSTRATION_OFFER_HISTORY,0,"{""data_origin"":""SIMULATED_DEMONSTRATION_OFFER_HISTORY"",""ml_use_allowed"":0,""original_approver"":""fm.priya"",""original_approver_role"":""finance_manager"",""original_recommended_by"":""optimizer_v0_demo_log"",""policy_note"":""Historical/simulated demonstration offer. Not generated by the final production policy and must not be used for ML training or tuning.""}"
OFF-0263,900002382,7989-POVCU,SUP-01,2014-11-19,2014-11-25,2014-12-13,47.45,2.11,1.0,46.45,0,declined,2014-11-25,optimizer_v0_demo_log,,finance_manager,synthetic,1,0,rate_not_on_0.5_percent_grid;rate_above_global_max_1.5_percent,SIMULATED_DEMONSTRATION_OFFER_HISTORY,0,"{""data_origin"":""SIMULATED_DEMONSTRATION_OFFER_HISTORY"",""ml_use_allowed"":0,""original_approver"":""fm.rahul"",""original_approver_role"":""finance_manager"",""original_recommended_by"":""optimizer_v0_demo_log"",""policy_note"":""Historical/simulated demonstration offer. Not generated by the final production policy and must not be used for ML training or tuning.""}"
OFF-0265,900001427,7856-ODQFO,SUP-02,2014-11-24,2014-12-03,2014-12-14,57.06,1.2,0.69,56.37,14,accepted,2014-11-30,optimizer_v0_demo_log,,finance_manager,synthetic,1,0,rate_not_on_0.5_percent_grid,SIMULATED_DEMONSTRATION_OFFER_HISTORY,0,"{""data_origin"":""SIMULATED_DEMONSTRATION_OFFER_HISTORY"",""ml_use_allowed"":0,""original_approver"":""fm.priya"",""original_approver_role"":""finance_manager"",""original_recommended_by"":""optimizer_v0_demo_log"",""policy_note"":""Historical/simulated demonstration offer. Not generated by the final production policy and must not be used for ML training or tuning.""}"
OFF-0266,900000822,5573-KSOIA,SUP-04,2014-11-26,2014-12-05,2014-12-18,98.36,2.1,2.06,96.3,0,declined,2014-12-05,optimizer_v0_demo_log,,finance_manager,synthetic,1,0,rate_not_on_0.5_percent_grid;rate_above_global_max_1.5_percent,SIMULATED_DEMONSTRATION_OFFER_HISTORY,0,"{""data_origin"":""SIMULATED_DEMONSTRATION_OFFER_HISTORY"",""ml_use_allowed"":0,""original_approver"":""fm.priya"",""original_approver_role"":""finance_manager"",""original_recommended_by"":""optimizer_v0_demo_log"",""policy_note"":""Historical/simulated demonstration offer. Not generated by the final production policy and must not be used for ML training or tuning.""}"
OFF-0267,900001549,8389-TCXFQ,SUP-03,2014-11-22,2014-11-30,2014-12-20,58.58,1.9,1.11,57.47,0,declined,2014-11-30,optimizer_v0_demo_log,,finance_manager,synthetic,1,0,rate_not_on_0.5_percent_grid;rate_above_global_max_1.5_percent,SIMULATED_DEMONSTRATION_OFFER_HISTORY,0,"{""data_origin"":""SIMULATED_DEMONSTRATION_OFFER_HISTORY"",""ml_use_allowed"":0,""original_approver"":""analyst.unnati"",""original_approver_role"":""finance_manager"",""original_recommended_by"":""optimizer_v0_demo_log"",""policy_note"":""Historical/simulated demonstration offer. Not generated by the final production policy and must not be used for ML training or tuning.""}"
OFF-0268,900000750,5196-TWQXF,SUP-02,2014-11-28,2014-12-08,2014-12-26,58.3,1.61,0.94,57.36,0,declined,2014-12-08,optimizer_v0_demo_log,,finance_manager,synthetic,1,0,rate_not_on_0.5_percent_grid;rate_above_global_max_1.5_percent,SIMULATED_DEMONSTRATION_OFFER_HISTORY,0,"{""data_origin"":""SIMULATED_DEMONSTRATION_OFFER_HISTORY"",""ml_use_allowed"":0,""original_approver"":""fm.priya"",""original_approver_role"":""finance_manager"",""original_recommended_by"":""optimizer_v0_demo_log"",""policy_note"":""Historical/simulated demonstration offer. Not generated by the final production policy and must not be used for ML training or tuning.""}"
OFF-0269,900001862,9322-YCTQO,SUP-01,2014-12-05,2014-12-13,2015-01-02,115.47,2.29,2.64,112.83,0,expired,2014-12-13,optimizer_v0_demo_log,,finance_manager,synthetic,1,0,rate_not_on_0.5_percent_grid;rate_above_global_max_1.5_percent,SIMULATED_DEMONSTRATION_OFFER_HISTORY,0,"{""data_origin"":""SIMULATED_DEMONSTRATION_OFFER_HISTORY"",""ml_use_allowed"":0,""original_approver"":""fm.rahul"",""original_approver_role"":""finance_manager"",""original_recommended_by"":""optimizer_v0_demo_log"",""policy_note"":""Historical/simulated demonstration offer. Not generated by the final production policy and must not be used for ML training or tuning.""}"
OFF-0270,900000295,2125-HJDLA,SUP-01,2014-12-11,2014-12-20,2015-01-04,54.31,2.24,1.21,53.1,0,declined,2014-12-20,optimizer_v0_demo_log,,finance_manager,synthetic,1,0,rate_not_on_0.5_percent_grid;rate_above_global_max_1.5_percent,SIMULATED_DEMONSTRATION_OFFER_HISTORY,0,"{""data_origin"":""SIMULATED_DEMONSTRATION_OFFER_HISTORY"",""ml_use_allowed"":0,""original_approver"":""fm.rahul"",""original_approver_role"":""finance_manager"",""original_recommended_by"":""optimizer_v0_demo_log"",""policy_note"":""Historical/simulated demonstration offer. Not generated by the final production policy and must not be used for ML training or tuning.""}"
OFF-0271,900000135,0709-LZRJV,SUP-04,2014-12-10,2014-12-19,2015-01-05,85.41,1.84,1.57,83.84,0,declined,2014-12-19,optimizer_v0_demo_log,,finance_manager,synthetic,1,0,rate_not_on_0.5_percent_grid;rate_above_global_max_1.5_percent,SIMULATED_DEMONSTRATION_OFFER_HISTORY,0,"{""data_origin"":""SIMULATED_DEMONSTRATION_OFFER_HISTORY"",""ml_use_allowed"":0,""original_approver"":""fm.rahul"",""original_approver_role"":""finance_manager"",""original_recommended_by"":""optimizer_v0_demo_log"",""policy_note"":""Historical/simulated demonstration offer. Not generated by the final production policy and must not be used for ML training or tuning.""}"
OFF-0272,900002233,7897-QFEIN,SUP-01,2014-12-21,2014-12-30,2015-01-12,63.41,1.16,0.74,62.67,20,accepted,2014-12-23,optimizer_v0_demo_log,,finance_manager,synthetic,1,0,rate_not_on_0.5_percent_grid,SIMULATED_DEMONSTRATION_OFFER_HISTORY,0,"{""data_origin"":""SIMULATED_DEMONSTRATION_OFFER_HISTORY"",""ml_use_allowed"":0,""original_approver"":""analyst.unnati"",""original_approver_role"":""finance_manager"",""original_recommended_by"":""optimizer_v0_demo_log"",""policy_note"":""Historical/simulated demonstration offer. Not generated by the final production policy and must not be used for ML training or tuning.""}"
OFF-0273,900000562,3831-FXWYK,SUP-04,2014-12-21,2014-12-30,2015-01-12,64.55,1.82,1.17,63.38,0,declined,2014-12-30,optimizer_v0_demo_log,,finance_manager,synthetic,1,0,rate_not_on_0.5_percent_grid;rate_above_global_max_1.5_percent,SIMULATED_DEMONSTRATION_OFFER_HISTORY,0,"{""data_origin"":""SIMULATED_DEMONSTRATION_OFFER_HISTORY"",""ml_use_allowed"":0,""original_approver"":""analyst.unnati"",""original_approver_role"":""finance_manager"",""original_recommended_by"":""optimizer_v0_demo_log"",""policy_note"":""Historical/simulated demonstration offer. Not generated by the final production policy and must not be used for ML training or tuning.""}"
OFF-0274,900001729,9149-MATVB,SUP-03,2014-12-24,2015-01-03,2015-01-13,53.06,1.4,0.74,52.32,0,expired,2015-01-03,optimizer_v0_demo_log,,finance_manager,synthetic,1,0,rate_not_on_0.5_percent_grid,SIMULATED_DEMONSTRATION_OFFER_HISTORY,0,"{""data_origin"":""SIMULATED_DEMONSTRATION_OFFER_HISTORY"",""ml_use_allowed"":0,""original_approver"":""fm.priya"",""original_approver_role"":""finance_manager"",""original_recommended_by"":""optimizer_v0_demo_log"",""policy_note"":""Historical/simulated demonstration offer. Not generated by the final production policy and must not be used for ML training or tuning.""}"
OFF-0275,900000659,4640-FGEJI,SUP-03,2014-12-23,2015-01-01,2015-01-17,77.01,1.95,1.51,75.5,0,declined,2015-01-01,optimizer_v0_demo_log,,finance_manager,synthetic,1,0,rate_not_on_0.5_percent_grid;rate_above_global_max_1.5_percent,SIMULATED_DEMONSTRATION_OFFER_HISTORY,0,"{""data_origin"":""SIMULATED_DEMONSTRATION_OFFER_HISTORY"",""ml_use_allowed"":0,""original_approver"":""analyst.unnati"",""original_approver_role"":""finance_manager"",""original_recommended_by"":""optimizer_v0_demo_log"",""policy_note"":""Historical/simulated demonstration offer. Not generated by the final production policy and must not be used for ML training or tuning.""}"
OFF-0276,900001677,9014-WENVB,SUP-04,2015-01-01,2015-01-11,2015-01-21,59.96,1.49,0.89,59.07,0,declined,2015-01-11,optimizer_v0_demo_log,,finance_manager,synthetic,1,0,rate_not_on_0.5_percent_grid,SIMULATED_DEMONSTRATION_OFFER_HISTORY,0,"{""data_origin"":""SIMULATED_DEMONSTRATION_OFFER_HISTORY"",""ml_use_allowed"":0,""original_approver"":""fm.rahul"",""original_approver_role"":""finance_manager"",""original_recommended_by"":""optimizer_v0_demo_log"",""policy_note"":""Historical/simulated demonstration offer. Not generated by the final production policy and must not be used for ML training or tuning.""}"
OFF-0277,900002103,0600-KWCGU,SUP-03,2014-12-26,2014-12-31,2015-01-23,64.44,1.8,1.16,63.28,0,declined,2014-12-31,optimizer_v0_demo_log,,finance_manager,synthetic,1,0,rate_not_on_0.5_percent_grid;rate_above_global_max_1.5_percent,SIMULATED_DEMONSTRATION_OFFER_HISTORY,0,"{""data_origin"":""SIMULATED_DEMONSTRATION_OFFER_HISTORY"",""ml_use_allowed"":0,""original_approver"":""fm.priya"",""original_approver_role"":""finance_manager"",""original_recommended_by"":""optimizer_v0_demo_log"",""policy_note"":""Historical/simulated demonstration offer. Not generated by the final production policy and must not be used for ML training or tuning.""}"
OFF-0278,900001188,7050-KQLDO,SUP-04,2015-01-02,2015-01-10,2015-01-24,47.87,1.22,0.59,47.28,0,declined,2015-01-10,optimizer_v0_demo_log,,finance_manager,synthetic,1,0,rate_not_on_0.5_percent_grid,SIMULATED_DEMONSTRATION_OFFER_HISTORY,0,"{""data_origin"":""SIMULATED_DEMONSTRATION_OFFER_HISTORY"",""ml_use_allowed"":0,""original_approver"":""fm.rahul"",""original_approver_role"":""finance_manager"",""original_recommended_by"":""optimizer_v0_demo_log"",""policy_note"":""Historical/simulated demonstration offer. Not generated by the final production policy and must not be used for ML training or tuning.""}"
OFF-0279,900001554,8389-TCXFQ,SUP-03,2015-01-03,2015-01-09,2015-01-25,60.6,1.57,0.95,59.65,0,declined,2015-01-09,optimizer_v0_demo_log,,finance_manager,synthetic,1,0,rate_not_on_0.5_percent_grid;rate_above_global_max_1.5_percent,SIMULATED_DEMONSTRATION_OFFER_HISTORY,0,"{""data_origin"":""SIMULATED_DEMONSTRATION_OFFER_HISTORY"",""ml_use_allowed"":0,""original_approver"":""fm.rahul"",""original_approver_role"":""finance_manager"",""original_recommended_by"":""optimizer_v0_demo_log"",""policy_note"":""Historical/simulated demonstration offer. Not generated by the final production policy and must not be used for ML training or tuning.""}"
OFF-0280,900001293,7329-TWKLF,SUP-03,2015-01-12,2015-01-19,2015-02-04,100.05,1.45,1.46,98.59,0,declined,2015-01-19,optimizer_v0_demo_log,,finance_manager,synthetic,1,0,rate_not_on_0.5_percent_grid,SIMULATED_DEMONSTRATION_OFFER_HISTORY,0,"{""data_origin"":""SIMULATED_DEMONSTRATION_OFFER_HISTORY"",""ml_use_allowed"":0,""original_approver"":""fm.rahul"",""original_approver_role"":""finance_manager"",""original_recommended_by"":""optimizer_v0_demo_log"",""policy_note"":""Historical/simulated demonstration offer. Not generated by the final production policy and must not be used for ML training or tuning.""}"
OFF-0281,900000278,2026-XLBER,SUP-04,2015-01-10,2015-01-16,2015-02-06,51.75,1.46,0.75,51.0,0,declined,2015-01-16,optimizer_v0_demo_log,,finance_manager,synthetic,1,0,rate_not_on_0.5_percent_grid,SIMULATED_DEMONSTRATION_OFFER_HISTORY,0,"{""data_origin"":""SIMULATED_DEMONSTRATION_OFFER_HISTORY"",""ml_use_allowed"":0,""original_approver"":""fm.priya"",""original_approver_role"":""finance_manager"",""original_recommended_by"":""optimizer_v0_demo_log"",""policy_note"":""Historical/simulated demonstration offer. Not generated by the final production policy and must not be used for ML training or tuning.""}"
OFF-0282,900001106,6632-CGYHU,SUP-02,2015-01-16,2015-01-26,2015-02-09,91.44,1.32,1.21,90.23,0,declined,2015-01-26,optimizer_v0_demo_log,,finance_manager,synthetic,1,0,rate_not_on_0.5_percent_grid,SIMULATED_DEMONSTRATION_OFFER_HISTORY,0,"{""data_origin"":""SIMULATED_DEMONSTRATION_OFFER_HISTORY"",""ml_use_allowed"":0,""original_approver"":""analyst.unnati"",""original_approver_role"":""finance_manager"",""original_recommended_by"":""optimizer_v0_demo_log"",""policy_note"":""Historical/simulated demonstration offer. Not generated by the final production policy and must not be used for ML training or tuning.""}"
OFF-0283,900000137,0709-LZRJV,SUP-04,2015-01-20,2015-01-31,2015-02-12,57.27,1.67,0.96,56.31,0,declined,2015-01-31,optimizer_v0_demo_log,,finance_manager,synthetic,1,0,rate_not_on_0.5_percent_grid;rate_above_global_max_1.5_percent,SIMULATED_DEMONSTRATION_OFFER_HISTORY,0,"{""data_origin"":""SIMULATED_DEMONSTRATION_OFFER_HISTORY"",""ml_use_allowed"":0,""original_approver"":""fm.rahul"",""original_approver_role"":""finance_manager"",""original_recommended_by"":""optimizer_v0_demo_log"",""policy_note"":""Historical/simulated demonstration offer. Not generated by the final production policy and must not be used for ML training or tuning.""}"
OFF-0284,900002403,9082-NYDDZ,SUP-03,2015-01-24,2015-01-30,2015-02-17,94.73,1.59,1.51,93.22,0,expired,2015-01-30,optimizer_v0_demo_log,,finance_manager,synthetic,1,0,rate_not_on_0.5_percent_grid;rate_above_global_max_1.5_percent,SIMULATED_DEMONSTRATION_OFFER_HISTORY,0,"{""data_origin"":""SIMULATED_DEMONSTRATION_OFFER_HISTORY"",""ml_use_allowed"":0,""original_approver"":""fm.rahul"",""original_approver_role"":""finance_manager"",""original_recommended_by"":""optimizer_v0_demo_log"",""policy_note"":""Historical/simulated demonstration offer. Not generated by the final production policy and must not be used for ML training or tuning.""}"
OFF-0285,900001732,9149-MATVB,SUP-01,2015-01-21,2015-02-02,2015-02-18,68.65,1.58,1.09,67.56,0,declined,2015-02-02,optimizer_v0_demo_log,,finance_manager,synthetic,1,0,rate_not_on_0.5_percent_grid;rate_above_global_max_1.5_percent,SIMULATED_DEMONSTRATION_OFFER_HISTORY,0,"{""data_origin"":""SIMULATED_DEMONSTRATION_OFFER_HISTORY"",""ml_use_allowed"":0,""original_approver"":""analyst.unnati"",""original_approver_role"":""finance_manager"",""original_recommended_by"":""optimizer_v0_demo_log"",""policy_note"":""Historical/simulated demonstration offer. Not generated by the final production policy and must not be used for ML training or tuning.""}"
OFF-0286,900001447,7938-EVASK,SUP-01,2015-01-29,2015-02-03,2015-02-20,62.03,2.65,1.64,60.39,0,expired,2015-02-03,optimizer_v0_demo_log,,finance_manager,synthetic,1,0,rate_not_on_0.5_percent_grid;rate_above_global_max_1.5_percent,SIMULATED_DEMONSTRATION_OFFER_HISTORY,0,"{""data_origin"":""SIMULATED_DEMONSTRATION_OFFER_HISTORY"",""ml_use_allowed"":0,""original_approver"":""fm.rahul"",""original_approver_role"":""finance_manager"",""original_recommended_by"":""optimizer_v0_demo_log"",""policy_note"":""Historical/simulated demonstration offer. Not generated by the final production policy and must not be used for ML training or tuning.""}"
OFF-0287,900001164,6833-ETVHD,SUP-01,2015-01-28,2015-02-04,2015-02-21,86.5,1.36,1.18,85.32,0,declined,2015-02-04,optimizer_v0_demo_log,,finance_manager,synthetic,1,0,rate_not_on_0.5_percent_grid,SIMULATED_DEMONSTRATION_OFFER_HISTORY,0,"{""data_origin"":""SIMULATED_DEMONSTRATION_OFFER_HISTORY"",""ml_use_allowed"":0,""original_approver"":""fm.priya"",""original_approver_role"":""finance_manager"",""original_recommended_by"":""optimizer_v0_demo_log"",""policy_note"":""Historical/simulated demonstration offer. Not generated by the final production policy and must not be used for ML training or tuning.""}"
OFF-0288,900001209,7209-MDWKR,SUP-01,2015-01-26,2015-02-06,2015-02-22,77.82,1.88,1.47,76.35,0,declined,2015-02-06,optimizer_v0_demo_log,,finance_manager,synthetic,1,0,rate_not_on_0.5_percent_grid;rate_above_global_max_1.5_percent,SIMULATED_DEMONSTRATION_OFFER_HISTORY,0,"{""data_origin"":""SIMULATED_DEMONSTRATION_OFFER_HISTORY"",""ml_use_allowed"":0,""original_approver"":""fm.priya"",""original_approver_role"":""finance_manager"",""original_recommended_by"":""optimizer_v0_demo_log"",""policy_note"":""Historical/simulated demonstration offer. Not generated by the final production policy and must not be used for ML training or tuning.""}"
OFF-0289,900002105,0600-KWCGU,SUP-03,2015-02-03,2015-02-15,2015-02-23,52.44,0.94,0.49,51.95,0,declined,2015-02-15,optimizer_v0_demo_log,,finance_manager,synthetic,1,0,rate_not_on_0.5_percent_grid,SIMULATED_DEMONSTRATION_OFFER_HISTORY,0,"{""data_origin"":""SIMULATED_DEMONSTRATION_OFFER_HISTORY"",""ml_use_allowed"":0,""original_approver"":""analyst.unnati"",""original_approver_role"":""finance_manager"",""original_recommended_by"":""optimizer_v0_demo_log"",""policy_note"":""Historical/simulated demonstration offer. Not generated by the final production policy and must not be used for ML training or tuning.""}"
OFF-0290,900001012,6160-HCSFI,SUP-03,2015-01-31,2015-02-06,2015-02-25,78.46,1.7,1.34,77.12,21,accepted,2015-02-04,optimizer_v0_demo_log,,finance_manager,synthetic,1,0,rate_not_on_0.5_percent_grid;rate_above_global_max_1.5_percent,SIMULATED_DEMONSTRATION_OFFER_HISTORY,0,"{""data_origin"":""SIMULATED_DEMONSTRATION_OFFER_HISTORY"",""ml_use_allowed"":0,""original_approver"":""fm.priya"",""original_approver_role"":""finance_manager"",""original_recommended_by"":""optimizer_v0_demo_log"",""policy_note"":""Historical/simulated demonstration offer. Not generated by the final production policy and must not be used for ML training or tuning.""}"
OFF-0291,900002386,7989-POVCU,SUP-02,2015-02-01,2015-02-11,2015-02-26,56.58,1.78,1.01,55.57,0,expired,2015-02-11,optimizer_v0_demo_log,,finance_manager,synthetic,1,0,rate_not_on_0.5_percent_grid;rate_above_global_max_1.5_percent,SIMULATED_DEMONSTRATION_OFFER_HISTORY,0,"{""data_origin"":""SIMULATED_DEMONSTRATION_OFFER_HISTORY"",""ml_use_allowed"":0,""original_approver"":""analyst.unnati"",""original_approver_role"":""finance_manager"",""original_recommended_by"":""optimizer_v0_demo_log"",""policy_note"":""Historical/simulated demonstration offer. Not generated by the final production policy and must not be used for ML training or tuning.""}"
OFF-0292,900001508,8156-PCYBM,SUP-04,2015-02-03,2015-02-08,2015-02-28,69.69,1.73,1.21,68.48,0,expired,2015-02-08,optimizer_v0_demo_log,,finance_manager,synthetic,1,0,rate_not_on_0.5_percent_grid;rate_above_global_max_1.5_percent,SIMULATED_DEMONSTRATION_OFFER_HISTORY,0,"{""data_origin"":""SIMULATED_DEMONSTRATION_OFFER_HISTORY"",""ml_use_allowed"":0,""original_approver"":""fm.rahul"",""original_approver_role"":""finance_manager"",""original_recommended_by"":""optimizer_v0_demo_log"",""policy_note"":""Historical/simulated demonstration offer. Not generated by the final production policy and must not be used for ML training or tuning.""}"
OFF-0293,900001577,8690-EEBEO,SUP-04,2015-02-03,2015-02-08,2015-02-28,69.56,2.36,1.64,67.92,0,expired,2015-02-08,optimizer_v0_demo_log,,finance_manager,synthetic,1,0,rate_not_on_0.5_percent_grid;rate_above_global_max_1.5_percent,SIMULATED_DEMONSTRATION_OFFER_HISTORY,0,"{""data_origin"":""SIMULATED_DEMONSTRATION_OFFER_HISTORY"",""ml_use_allowed"":0,""original_approver"":""fm.rahul"",""original_approver_role"":""finance_manager"",""original_recommended_by"":""optimizer_v0_demo_log"",""policy_note"":""Historical/simulated demonstration offer. Not generated by the final production policy and must not be used for ML training or tuning.""}"
OFF-0294,900002079,2221-BXWZK,SUP-01,2015-02-03,2015-02-12,2015-02-28,85.66,1.77,1.52,84.14,0,expired,2015-02-12,optimizer_v0_demo_log,,finance_manager,synthetic,1,0,rate_not_on_0.5_percent_grid;rate_above_global_max_1.5_percent,SIMULATED_DEMONSTRATION_OFFER_HISTORY,0,"{""data_origin"":""SIMULATED_DEMONSTRATION_OFFER_HISTORY"",""ml_use_allowed"":0,""original_approver"":""fm.rahul"",""original_approver_role"":""finance_manager"",""original_recommended_by"":""optimizer_v0_demo_log"",""policy_note"":""Historical/simulated demonstration offer. Not generated by the final production policy and must not be used for ML training or tuning.""}"
OFF-0295,900000942,6004-KITZM,SUP-02,2015-02-13,2015-02-18,2015-03-07,50.15,1.6,0.8,49.35,0,declined,2015-02-18,optimizer_v0_demo_log,,finance_manager,synthetic,1,0,rate_not_on_0.5_percent_grid;rate_above_global_max_1.5_percent,SIMULATED_DEMONSTRATION_OFFER_HISTORY,0,"{""data_origin"":""SIMULATED_DEMONSTRATION_OFFER_HISTORY"",""ml_use_allowed"":0,""original_approver"":""fm.rahul"",""original_approver_role"":""finance_manager"",""original_recommended_by"":""optimizer_v0_demo_log"",""policy_note"":""Historical/simulated demonstration offer. Not generated by the final production policy and must not be used for ML training or tuning.""}"
OFF-0296,900001889,9323-NDIOV,SUP-03,2015-02-15,2015-02-26,2015-03-11,58.31,1.46,0.85,57.46,0,declined,2015-02-26,optimizer_v0_demo_log,,finance_manager,synthetic,1,0,rate_not_on_0.5_percent_grid,SIMULATED_DEMONSTRATION_OFFER_HISTORY,0,"{""data_origin"":""SIMULATED_DEMONSTRATION_OFFER_HISTORY"",""ml_use_allowed"":0,""original_approver"":""fm.rahul"",""original_approver_role"":""finance_manager"",""original_recommended_by"":""optimizer_v0_demo_log"",""policy_note"":""Historical/simulated demonstration offer. Not generated by the final production policy and must not be used for ML training or tuning.""}"
OFF-0297,900001595,8820-BLYDZ,SUP-02,2015-02-14,2015-02-25,2015-03-13,79.7,1.28,1.02,78.68,23,accepted,2015-02-18,optimizer_v0_demo_log,,finance_manager,synthetic,1,0,rate_not_on_0.5_percent_grid,SIMULATED_DEMONSTRATION_OFFER_HISTORY,0,"{""data_origin"":""SIMULATED_DEMONSTRATION_OFFER_HISTORY"",""ml_use_allowed"":0,""original_approver"":""analyst.unnati"",""original_approver_role"":""finance_manager"",""original_recommended_by"":""optimizer_v0_demo_log"",""policy_note"":""Historical/simulated demonstration offer. Not generated by the final production policy and must not be used for ML training or tuning.""}"
OFF-0298,900000528,3598-DNURW,SUP-01,2015-02-19,2015-02-26,2015-03-13,52.99,0.95,0.5,52.49,21,accepted,2015-02-20,optimizer_v0_demo_log,,finance_manager,synthetic,1,0,rate_not_on_0.5_percent_grid,SIMULATED_DEMONSTRATION_OFFER_HISTORY,0,"{""data_origin"":""SIMULATED_DEMONSTRATION_OFFER_HISTORY"",""ml_use_allowed"":0,""original_approver"":""fm.priya"",""original_approver_role"":""finance_manager"",""original_recommended_by"":""optimizer_v0_demo_log"",""policy_note"":""Historical/simulated demonstration offer. Not generated by the final production policy and must not be used for ML training or tuning.""}"
OFF-0299,900002323,8725-ITSZH,SUP-02,2015-03-03,2015-03-11,2015-03-29,76.93,1.5,1.16,75.77,19,accepted,2015-03-10,optimizer_v0_demo_log,,finance_manager,synthetic,1,1,,SIMULATED_DEMONSTRATION_OFFER_HISTORY,0,"{""data_origin"":""SIMULATED_DEMONSTRATION_OFFER_HISTORY"",""ml_use_allowed"":0,""original_approver"":""analyst.unnati"",""original_approver_role"":""finance_manager"",""original_recommended_by"":""optimizer_v0_demo_log"",""policy_note"":""Historical/simulated demonstration offer. Not generated by the final production policy and must not be used for ML training or tuning.""}"
OFF-0300,900001169,6833-ETVHD,SUP-01,2015-03-08,2015-03-17,2015-03-31,72.57,1.31,0.95,71.62,18,accepted,2015-03-13,optimizer_v0_demo_log,,finance_manager,synthetic,1,0,rate_not_on_0.5_percent_grid,SIMULATED_DEMONSTRATION_OFFER_HISTORY,0,"{""data_origin"":""SIMULATED_DEMONSTRATION_OFFER_HISTORY"",""ml_use_allowed"":0,""original_approver"":""analyst.unnati"",""original_approver_role"":""finance_manager"",""original_recommended_by"":""optimizer_v0_demo_log"",""policy_note"":""Historical/simulated demonstration offer. Not generated by the final production policy and must not be used for ML training or tuning.""}"
